WL,Data 1,Data 2,Data 3
365.73,0,0,0
365.91,8,10,9
366.09,13,13,12
366.28,10,6,6
366.46,10,11,10
366.64,9,13,9
366.83,10,7,9
367.01,5,9,7
367.19,11,11,11
367.38,11,9,7
367.56,6,7,6
367.74,12,11,7
367.93,12,3,7
368.11,11,11,8
368.29,11,8,12
368.47,7,9,10
368.66,15,5,6
368.84,12,12,11
369.02,12,8,9
369.21,16,11,3
369.39,14,13,13
369.57,12,10,11
369.76,7,10,4
369.94,10,12,8
370.12,16,10,8
370.3,9,10,6
370.49,10,8,9
370.67,14,17,10
370.85,11,5,9
371.04,17,12,10
371.22,9,13,7
371.4,12,15,9
371.58,9,12,6
371.77,7,10,11
371.95,11,5,5
372.13,7,7,10
372.31,12,9,13
372.5,18,12,16
372.68,10,11,6
372.86,12,10,10
373.04,13,9,8
373.23,20,11,14
373.41,8,14,7
373.59,14,7,6
373.77,10,8,10
373.96,14,11,13
374.14,12,10,16
374.32,19,14,12
374.5,11,8,6
374.68,8,10,6
374.87,11,11,9
375.05,10,9,10
375.23,11,16,9
375.41,9,12,9
375.6,10,9,12
375.78,11,6,14
375.96,8,11,9
376.14,9,13,14
376.32,9,13,6
376.5,11,15,6
376.69,16,9,10
376.87,9,16,6
377.05,10,10,6
377.23,11,13,1
377.41,7,8,10
377.6,7,9,15
377.78,8,9,7
377.96,12,9,11
378.14,9,7,6
378.32,14,9,7
378.5,9,11,9
378.69,18,14,17
378.87,16,11,8
379.05,9,12,9
379.23,9,14,9
379.41,15,7,11
379.59,9,14,13
379.77,6,8,5
379.96,7,6,4
380.14,12,11,7
380.32,8,11,6
380.5,9,13,10
380.68,10,13,13
380.86,13,6,10
381.04,10,10,12
381.22,5,5,8
381.41,11,15,7
381.59,8,15,7
381.77,14,13,7
381.95,17,14,9
382.13,16,3,7
382.31,15,15,14
382.49,4,14,2
382.67,12,13,9
382.85,5,9,13
383.03,16,9,4
383.22,14,10,11
383.4,8,11,6
383.58,26,24,23
383.76,17,5,7
383.94,4,8,4
384.12,13,10,3
384.3,7,9,11
384.48,10,8,8
384.66,13,15,13
384.84,10,7,13
385.02,17,12,15
385.2,9,7,6
385.38,10,7,7
385.56,15,11,10
385.74,12,8,9
385.92,9,11,11
386.11,10,9,12
386.29,8,16,12
386.47,3,7,7
386.65,7,2,4
386.83,15,19,11
387.01,10,8,4
387.19,8,9,5
387.37,18,8,6
387.55,7,7,4
387.73,13,11,3
387.91,17,7,9
388.09,8,12,11
388.27,11,11,9
388.45,1,8,9
388.63,18,18,8
388.81,11,15,10
388.99,13,17,10
389.17,8,6,7
389.35,12,6,8
389.53,5,14,11
389.71,15,8,5
389.89,15,19,14
390.07,15,11,13
390.25,7,13,5
390.43,4,14,4
390.6,4,9,11
390.78,8,9,11
390.96,16,13,5
391.14,18,6,9
391.32,10,10,13
391.5,9,9,11
391.68,11,16,9
391.86,14,8,8
392.04,11,11,7
392.22,13,12,9
392.4,15,15,8
392.58,15,11,3
392.76,5,12,11
392.94,9,8,14
393.12,10,15,9
393.3,17,13,12
393.47,8,5,9
393.65,10,8,13
393.83,16,13,9
394.01,11,12,18
394.19,10,12,4
394.37,14,13,18
394.55,15,16,9
394.73,14,8,11
394.91,18,9,10
395.09,12,11,13
395.26,14,10,9
395.44,12,9,5
395.62,8,13,7
395.8,14,14,10
395.98,13,14,6
396.16,13,9,15
396.34,10,9,8
396.52,6,7,7
396.69,3,12,9
396.87,14,16,11
397.05,14,8,14
397.23,7,7,3
397.41,10,13,9
397.59,12,15,8
397.76,12,11,14
397.94,9,10,12
398.12,9,12,5
398.3,16,12,9
398.48,9,12,10
398.66,12,11,8
398.83,9,6,6
399.01,11,10,9
399.19,8,12,5
399.37,10,7,8
399.55,17,11,4
399.73,11,9,9
399.9,13,9,17
400.08,13,11,14
400.26,16,8,5
400.44,13,14,14
400.61,7,10,9
400.79,10,9,10
400.97,13,12,9
401.15,13,12,10
401.33,18,15,18
401.5,17,13,9
401.68,14,11,10
401.86,13,9,9
402.04,23,16,16
402.21,13,11,11
402.39,6,9,8
402.57,13,9,9
402.75,13,9,3
402.92,6,11,5
403.1,17,14,12
403.28,15,9,9
403.46,4,8,1
403.63,8,6,12
403.81,17,16,9
403.99,40,30,21
404.17,98,68,65
404.34,91,67,57
404.52,28,23,23
404.7,14,11,14
404.87,2,14,10
405.05,19,12,10
405.23,15,12,12
405.41,9,13,13
405.58,14,6,7
405.76,11,10,10
405.94,13,8,6
406.11,11,13,8
406.29,12,9,15
406.47,12,9,12
406.64,11,15,9
406.82,13,7,5
407,17,12,15
407.17,13,7,11
407.35,16,14,10
407.53,15,12,13
407.7,9,11,5
407.88,12,13,13
408.06,8,10,7
408.23,14,5,8
408.41,8,8,9
408.59,10,12,9
408.76,5,8,6
408.94,12,8,16
409.12,18,15,13
409.29,9,13,4
409.47,15,11,13
409.64,11,7,15
409.82,5,7,8
410,16,11,14
410.17,15,12,7
410.35,5,10,11
410.52,11,9,13
410.7,6,12,7
410.88,11,10,9
411.05,7,10,11
411.23,16,11,15
411.4,8,15,12
411.58,9,10,4
411.76,11,12,8
411.93,13,9,9
412.11,8,4,5
412.28,10,6,7
412.46,12,13,4
412.63,18,16,10
412.81,10,9,5
412.99,9,13,12
413.16,5,12,9
413.34,13,16,10
413.51,12,13,12
413.69,12,12,12
413.86,9,8,10
414.04,14,17,14
414.21,14,10,7
414.39,15,7,8
414.56,12,13,11
414.74,16,11,9
414.92,9,10,7
415.09,11,12,10
415.27,21,17,8
415.44,53,36,28
415.62,39,29,25
415.79,12,16,15
415.97,17,11,16
416.14,13,20,14
416.32,14,9,8
416.49,12,12,4
416.67,10,9,9
416.84,11,12,12
417.01,9,12,10
417.19,6,14,3
417.36,14,12,11
417.54,13,15,7
417.71,19,9,18
417.89,7,10,16
418.06,15,17,9
418.24,13,10,9
418.41,16,11,13
418.59,20,16,18
418.76,22,20,19
418.94,13,9,16
419.11,13,7,12
419.28,18,14,10
419.46,34,27,25
419.63,55,40,30
419.81,48,32,27
419.98,20,15,16
420.16,10,12,8
420.33,14,14,10
420.5,17,14,6
420.68,12,13,9
420.85,11,5,8
421.03,9,8,6
421.2,13,8,10
421.37,14,4,10
421.55,10,10,7
421.72,13,15,13
421.9,12,10,7
422.07,13,6,7
422.24,12,10,12
422.42,16,9,15
422.59,15,12,10
422.76,16,14,8
422.94,6,14,8
423.11,11,12,15
423.28,7,9,10
423.46,9,10,10
423.63,11,7,8
423.8,17,4,8
423.98,5,8,9
424.15,16,11,6
424.32,15,14,5
424.5,13,14,7
424.67,22,21,20
424.84,16,10,16
425.02,12,17,15
425.19,13,13,13
425.36,18,13,13
425.54,29,16,15
425.71,20,21,16
425.88,12,11,4
426.06,17,16,8
426.23,23,17,8
426.4,17,20,9
426.57,19,18,16
426.75,31,23,19
426.92,26,19,23
427.09,14,17,11
427.27,10,14,12
427.44,14,11,11
427.61,7,12,11
427.78,7,7,9
427.96,13,13,5
428.13,16,5,6
428.3,13,7,9
428.47,11,11,11
428.65,7,10,10
428.82,17,16,5
428.99,10,9,9
429.16,11,14,5
429.34,6,8,5
429.51,20,15,15
429.68,20,18,17
429.85,14,9,15
430.02,16,10,9
430.2,11,5,11
430.37,13,10,17
430.54,8,8,13
430.71,11,12,7
430.88,15,20,9
431.06,14,12,14
431.23,15,7,9
431.4,19,15,7
431.57,10,10,15
431.74,16,17,10
431.92,19,12,11
432.09,13,13,7
432.26,12,11,9
432.43,12,13,13
432.6,15,14,11
432.77,23,11,13
432.94,29,20,14
433.12,30,23,14
433.29,17,13,10
433.46,27,19,20
433.63,17,17,15
433.8,16,17,10
433.97,21,9,12
434.14,21,16,14
434.32,19,11,7
434.49,13,22,10
434.66,22,8,11
434.83,14,16,12
435,16,8,14
435.17,71,45,35
435.34,340,208,207
435.51,371,219,220
435.68,124,74,83
435.85,37,33,27
436.03,19,10,18
436.2,14,12,13
436.37,15,14,13
436.54,11,13,12
436.71,12,13,7
436.88,12,8,16
437.05,6,6,11
437.22,12,12,10
437.39,18,11,14
437.56,11,12,8
437.73,14,14,7
437.9,16,12,8
438.07,17,9,3
438.24,11,20,12
438.41,17,10,14
438.58,17,14,10
438.75,13,13,7
438.92,12,9,12
439.09,16,15,16
439.26,6,13,11
439.43,16,10,8
439.6,14,10,4
439.77,12,9,9
439.94,10,4,7
440.11,11,15,15
440.28,12,13,12
440.45,12,12,12
440.62,20,6,9
440.79,12,11,14
440.96,13,15,7
441.13,7,13,6
441.3,9,13,7
441.47,14,14,5
441.64,7,17,14
441.81,10,11,11
441.98,20,7,10
442.15,9,12,11
442.32,13,13,10
442.49,16,6,9
442.66,10,5,6
442.83,8,15,16
443,17,5,14
443.17,12,4,11
443.33,12,9,4
443.5,8,0,4
443.67,5,15,10
443.84,8,13,10
444.01,8,12,11
444.18,8,11,2
444.35,15,10,10
444.52,14,10,10
444.69,11,9,11
444.86,16,8,5
445.02,11,13,13
445.19,14,10,13
445.36,13,9,13
445.53,12,14,11
445.7,16,7,7
445.87,15,22,16
446.04,14,9,9
446.2,14,7,9
446.37,8,8,8
446.54,9,14,9
446.71,11,15,10
446.88,7,6,10
447.05,7,12,14
447.21,6,8,10
447.38,10,14,8
447.55,13,6,11
447.72,13,6,9
447.89,11,9,13
448.06,10,17,10
448.22,7,14,6
448.39,12,8,5
448.56,17,10,11
448.73,8,6,8
448.9,1,15,13
449.06,9,7,10
449.23,9,11,14
449.4,16,7,10
449.57,17,18,15
449.73,12,10,5
449.9,13,11,4
450.07,14,12,13
450.24,17,6,7
450.4,25,14,11
450.57,13,11,15
450.74,11,8,6
450.91,11,12,14
451.07,13,8,11
451.24,15,13,11
451.41,13,9,10
451.58,18,14,11
451.74,8,13,12
451.91,20,7,13
452.08,11,13,9
452.24,11,10,13
452.41,12,10,12
452.58,10,10,10
452.75,15,16,9
452.91,9,12,7
453.08,15,16,12
453.25,12,9,9
453.41,13,16,13
453.58,13,7,10
453.75,8,12,6
453.91,10,14,9
454.08,12,7,7
454.25,10,14,12
454.41,8,14,11
454.58,10,10,9
454.75,12,8,10
454.91,11,9,0
455.08,11,10,9
455.25,18,17,10
455.41,14,18,11
455.58,20,12,12
455.74,15,5,8
455.91,7,10,17
456.08,14,12,15
456.24,7,7,14
456.41,11,10,7
456.57,9,10,13
456.74,10,7,8
456.91,7,8,12
457.07,3,6,8
457.24,11,5,10
457.4,6,12,11
457.57,4,11,9
457.74,9,5,11
457.9,14,6,7
458.07,12,6,10
458.23,11,10,10
458.4,17,3,7
458.56,17,9,3
458.73,14,13,10
458.89,11,12,11
459.06,10,16,11
459.22,15,14,18
459.39,13,2,10
459.56,13,13,8
459.72,15,18,7
459.89,18,21,16
460.05,6,11,15
460.22,15,11,10
460.38,14,12,7
460.55,9,8,7
460.71,8,13,6
460.88,11,10,11
461.04,10,12,10
461.21,16,13,9
461.37,9,11,0
461.54,7,19,8
461.7,8,12,7
461.86,13,16,17
462.03,11,10,17
462.19,13,2,8
462.36,12,10,13
462.52,10,10,9
462.69,11,8,13
462.85,9,10,11
463.02,13,6,10
463.18,16,19,10
463.35,16,16,12
463.51,14,12,13
463.67,12,14,9
463.84,10,5,7
464,19,9,15
464.17,16,8,7
464.33,13,18,10
464.49,6,14,0
464.66,6,18,7
464.82,10,14,12
464.99,16,7,9
465.15,11,6,8
465.31,10,10,11
465.48,13,11,8
465.64,15,12,11
465.8,14,8,11
465.97,9,6,11
466.13,20,4,11
466.3,16,10,16
466.46,10,10,6
466.62,10,8,10
466.79,15,12,7
466.95,12,14,14
467.11,16,15,17
467.28,10,8,10
467.44,17,10,7
467.6,8,10,11
467.77,13,13,10
467.93,12,10,12
468.09,6,5,7
468.25,11,7,8
468.42,11,14,8
468.58,12,15,10
468.74,16,13,12
468.91,10,10,14
469.07,12,11,11
469.23,13,18,11
469.39,17,9,21
469.56,15,11,10
469.72,13,6,7
469.88,15,4,9
470.05,14,10,10
470.21,12,8,10
470.37,8,5,8
470.53,15,10,6
470.69,10,7,8
470.86,16,13,10
471.02,15,6,5
471.18,15,7,7
471.34,14,14,5
471.51,17,11,8
471.67,10,12,11
471.83,10,12,13
471.99,6,8,10
472.15,7,15,13
472.32,17,15,13
472.48,7,11,8
472.64,10,8,10
472.8,12,10,7
472.96,15,13,16
473.13,15,17,7
473.29,12,8,12
473.45,14,10,12
473.61,13,13,10
473.77,12,9,14
473.93,14,10,5
474.09,9,11,11
474.26,10,12,10
474.42,11,13,5
474.58,7,6,11
474.74,19,12,6
474.9,17,9,5
475.06,12,12,8
475.22,13,11,17
475.38,8,4,3
475.55,5,12,8
475.71,14,11,2
475.87,9,8,12
476.03,12,9,8
476.19,13,7,10
476.35,7,11,13
476.51,13,16,14
476.67,14,16,9
476.83,14,10,7
476.99,14,8,6
477.15,17,15,5
477.31,9,10,2
477.47,8,10,9
477.64,12,3,7
477.8,14,8,11
477.96,11,12,12
478.12,11,9,11
478.28,11,6,6
478.44,14,10,9
478.6,11,5,11
478.76,13,18,8
478.92,8,9,9
479.08,19,9,14
479.24,8,7,6
479.4,21,16,16
479.56,8,10,12
479.72,11,6,7
479.88,16,5,11
480.04,15,11,11
480.2,10,14,16
480.36,9,9,10
480.52,13,6,5
480.68,14,12,2
480.84,6,11,13
480.99,19,11,17
481.15,15,12,11
481.31,15,12,11
481.47,13,10,7
481.63,18,13,11
481.79,11,9,10
481.95,17,7,8
482.11,15,14,7
482.27,13,11,13
482.43,14,17,19
482.59,16,9,7
482.75,11,4,12
482.91,11,8,9
483.06,13,13,7
483.22,13,19,13
483.38,11,9,11
483.54,14,9,13
483.7,19,11,2
483.86,13,16,13
484.02,19,12,8
484.18,14,10,11
484.33,15,8,16
484.49,13,17,14
484.65,41,44,47
484.81,19,15,16
484.97,9,14,9
485.13,16,14,15
485.28,10,13,11
485.44,19,15,7
485.6,18,8,9
485.76,8,16,14
485.92,13,15,11
486.08,19,16,15
486.23,17,7,13
486.39,20,9,14
486.55,15,13,14
486.71,23,15,8
486.87,16,11,8
487.02,10,12,9
487.18,22,10,10
487.34,17,12,10
487.5,21,11,12
487.65,21,8,14
487.81,22,9,12
487.97,13,6,11
488.13,10,11,11
488.28,19,9,12
488.44,16,10,14
488.6,11,12,5
488.76,12,16,12
488.91,10,12,12
489.07,15,10,10
489.23,14,12,10
489.38,15,9,13
489.54,21,20,16
489.7,17,10,8
489.85,18,17,13
490.01,17,20,15
490.17,10,13,13
490.33,12,12,4
490.48,18,10,14
490.64,15,10,12
490.8,23,14,13
490.95,14,10,12
491.11,20,8,13
491.27,9,16,5
491.42,17,13,11
491.58,17,14,13
491.73,10,4,12
491.89,13,9,11
492.05,8,11,7
492.2,13,11,4
492.36,19,13,9
492.52,11,7,15
492.67,13,13,15
492.83,7,2,11
492.98,14,15,9
493.14,11,10,9
493.3,15,11,16
493.45,11,6,4
493.61,10,11,14
493.76,11,12,7
493.92,8,9,7
494.07,18,12,12
494.23,17,14,13
494.39,15,10,10
494.54,9,11,8
494.7,13,7,9
494.85,17,14,13
495.01,15,10,2
495.16,9,9,16
495.32,9,3,12
495.47,14,7,9
495.63,14,2,13
495.78,15,8,14
495.94,16,7,12
496.09,9,4,7
496.25,7,13,6
496.4,15,12,10
496.56,12,5,13
496.71,16,7,11
496.87,9,7,10
497.02,11,7,9
497.18,14,8,7
497.33,9,8,8
497.49,11,13,9
497.64,13,15,12
497.8,10,10,3
497.95,10,11,4
498.1,12,10,9
498.26,18,13,9
498.41,9,10,7
498.57,7,12,7
498.72,8,12,12
498.88,16,11,7
499.03,17,11,5
499.18,19,15,14
499.34,11,11,6
499.49,10,14,11
499.65,7,15,2
499.8,16,14,9
499.95,13,8,14
500.11,19,9,10
500.26,13,10,11
500.42,15,4,14
500.57,14,15,12
500.72,9,12,11
500.88,9,13,11
501.03,13,12,6
501.18,13,11,9
501.34,13,13,4
501.49,12,16,10
501.64,8,16,15
501.8,14,13,8
501.95,13,8,11
502.1,7,13,8
502.26,4,9,9
502.41,13,16,16
502.56,18,11,10
502.71,13,6,10
502.87,9,11,15
503.02,9,10,9
503.17,8,10,9
503.33,12,7,13
503.48,11,11,12
503.63,10,12,7
503.78,18,13,7
503.94,11,10,7
504.09,5,6,9
504.24,10,13,6
504.39,9,11,9
504.55,14,11,3
504.7,12,8,11
504.85,11,9,7
505,17,11,10
505.15,12,13,10
505.31,11,9,6
505.46,8,12,7
505.61,8,10,10
505.76,16,9,13
505.91,16,13,11
506.07,14,12,9
506.22,15,7,9
506.37,10,10,10
506.52,9,6,16
506.67,20,13,16
506.83,11,15,16
506.98,7,9,5
507.13,8,7,10
507.28,17,8,9
507.43,8,10,4
507.58,10,9,8
507.73,8,18,7
507.88,9,6,7
508.04,10,9,16
508.19,10,4,7
508.34,13,11,9
508.49,12,11,11
508.64,13,14,11
508.79,13,7,4
508.94,7,8,7
509.09,10,11,9
509.24,12,8,10
509.39,11,10,15
509.55,15,10,9
509.7,5,2,3
509.85,10,5,9
510,11,12,16
510.15,14,9,11
510.3,8,6,8
510.45,11,8,7
510.6,11,12,13
510.75,13,8,9
510.9,15,6,8
511.05,8,8,15
511.2,14,12,13
511.35,12,10,5
511.5,9,10,14
511.65,8,6,13
511.8,6,13,5
511.95,8,10,10
512.1,16,11,9
512.25,8,10,12
512.4,8,12,9
512.55,12,8,16
512.7,8,13,8
512.85,13,5,8
513,13,8,12
513.15,16,16,15
513.3,11,12,15
513.45,7,10,10
513.59,10,6,7
513.74,11,9,9
513.89,12,9,10
514.04,14,7,11
514.19,10,7,4
514.34,13,10,7
514.49,19,10,8
514.64,12,8,11
514.79,8,19,5
514.94,13,8,12
515.09,11,11,13
515.23,10,12,9
515.38,7,10,9
515.53,10,8,5
515.68,6,13,8
515.83,15,9,15
515.98,7,8,12
516.13,17,4,5
516.27,11,6,8
516.42,9,10,8
516.57,13,9,9
516.72,8,12,7
516.87,6,14,12
517.01,8,7,6
517.16,13,9,12
517.31,12,9,11
517.46,14,16,8
517.61,13,16,12
517.75,8,13,7
517.9,7,10,10
518.05,13,10,11
518.2,22,14,11
518.35,12,13,9
518.49,18,10,10
518.64,10,17,12
518.79,16,16,15
518.94,15,12,15
519.08,9,6,7
519.23,12,9,8
519.38,9,13,10
519.52,7,6,11
519.67,9,7,5
519.82,0,9,4
519.97,7,10,12
520.11,11,8,6
520.26,10,7,4
520.41,11,8,8
520.55,11,14,8
520.7,13,9,8
520.85,17,13,14
520.99,8,12,10
521.14,13,5,15
521.29,12,10,2
521.43,11,11,12
521.58,10,13,7
521.73,14,10,13
521.87,10,8,9
522.02,11,9,10
522.17,17,10,6
522.31,12,17,12
522.46,8,4,11
522.6,8,12,9
522.75,13,15,11
522.9,10,8,9
523.04,8,11,4
523.19,14,11,6
523.33,13,10,7
523.48,25,12,10
523.63,15,5,11
523.77,9,7,0
523.92,7,8,8
524.06,12,12,11
524.21,11,13,9
524.35,8,7,14
524.5,9,8,11
524.64,13,8,7
524.79,20,13,6
524.94,14,8,5
525.08,11,4,7
525.23,1,8,8
525.37,12,14,6
525.52,15,9,8
525.66,13,7,7
525.81,20,14,17
525.95,14,13,8
526.1,17,11,12
526.24,4,15,10
526.39,13,12,7
526.53,9,16,12
526.67,6,7,7
526.82,12,8,8
526.96,11,7,13
527.11,9,7,17
527.25,9,10,16
527.4,12,9,3
527.54,13,14,8
527.69,12,11,7
527.83,17,7,11
527.97,16,6,9
528.12,9,11,7
528.26,7,14,13
528.41,7,9,10
528.55,15,9,11
528.69,7,14,12
528.84,15,17,10
528.98,13,16,7
529.12,18,11,8
529.27,9,15,11
529.41,16,9,5
529.56,13,10,7
529.7,12,9,12
529.84,14,11,14
529.99,13,8,9
530.13,11,19,8
530.27,14,8,6
530.42,13,5,9
530.56,13,5,8
530.7,14,14,11
530.85,7,8,8
530.99,12,8,15
531.13,13,14,11
531.27,13,14,5
531.42,12,13,9
531.56,11,4,8
531.7,15,13,9
531.85,15,15,12
531.99,17,10,9
532.13,10,13,12
532.27,15,14,14
532.42,13,11,6
532.56,12,7,10
532.7,14,10,5
532.84,20,11,9
532.98,18,16,7
533.13,12,11,8
533.27,19,13,7
533.41,15,9,9
533.55,12,11,10
533.69,20,10,8
533.84,10,6,4
533.98,20,10,11
534.12,16,8,11
534.26,10,5,8
534.4,18,16,5
534.55,13,12,8
534.69,21,10,9
534.83,13,17,14
534.97,16,12,10
535.11,23,14,13
535.25,22,14,14
535.39,18,17,14
535.54,17,17,11
535.68,20,11,11
535.82,27,12,18
535.96,21,12,9
536.1,23,12,8
536.24,27,14,15
536.38,28,13,13
536.52,24,17,16
536.66,32,25,14
536.8,32,19,16
536.94,44,21,18
537.09,36,20,16
537.23,45,16,21
537.37,40,21,15
537.51,39,24,20
537.65,35,16,21
537.79,37,17,19
537.93,37,19,19
538.07,44,16,16
538.21,38,17,17
538.35,41,25,18
538.49,42,23,19
538.63,39,13,21
538.77,39,19,15
538.91,36,14,13
539.05,38,22,17
539.19,39,17,24
539.33,36,14,20
539.47,34,25,18
539.61,42,16,12
539.75,39,18,20
539.89,43,16,20
540.02,47,25,29
540.16,197,102,98
540.3,575,360,367
540.44,582,392,399
540.58,301,194,201
540.72,144,97,92
540.86,86,61,58
541,48,32,23
541.14,33,20,20
541.28,25,14,16
541.42,19,17,11
541.56,24,15,9
541.69,20,11,16
541.83,28,12,19
541.97,18,9,15
542.11,13,10,8
542.25,23,17,13
542.39,21,10,9
542.53,21,13,5
542.66,23,15,16
542.8,17,12,12
542.94,23,12,7
543.08,23,14,10
543.22,22,18,18
543.35,23,13,15
543.49,25,16,15
543.63,21,12,11
543.77,19,18,10
543.91,16,15,17
544.04,17,11,14
544.18,23,9,13
544.32,21,12,9
544.46,19,10,16
544.59,18,8,15
544.73,16,11,7
544.87,15,13,8
545.01,19,9,7
545.14,15,11,8
545.28,18,11,4
545.42,18,11,14
545.56,17,15,8
545.69,17,9,14
545.83,14,14,8
545.97,20,17,5
546.1,18,15,11
546.24,14,14,12
546.38,15,13,12
546.51,19,10,14
546.65,13,17,9
546.79,20,11,11
546.92,19,14,13
547.06,16,16,8
547.2,23,11,6
547.33,18,15,9
547.47,10,11,10
547.61,14,16,10
547.74,11,8,9
547.88,17,15,13
548.01,14,12,7
548.15,17,15,15
548.29,14,10,12
548.42,24,15,10
548.56,16,10,15
548.69,1,8,6
548.83,7,11,9
548.97,13,12,10
549.1,17,15,9
549.24,13,16,7
549.37,15,16,7
549.51,13,16,16
549.64,12,10,11
549.78,10,7,12
549.91,11,10,10
550.05,14,13,12
550.18,15,8,5
550.32,16,10,6
550.45,12,14,9
550.59,10,8,11
550.72,9,12,7
550.86,9,10,8
550.99,14,17,12
551.13,9,9,7
551.26,10,13,11
551.4,14,9,14
551.53,9,11,9
551.67,12,16,12
551.8,11,8,13
551.94,8,14,8
552.07,11,11,10
552.2,10,14,9
552.34,5,7,5
552.47,17,11,14
552.61,5,13,8
552.74,11,10,9
552.88,9,12,5
553.01,14,6,11
553.14,16,11,13
553.28,19,13,17
553.41,19,13,13
553.54,14,12,17
553.68,17,14,12
553.81,10,9,6
553.95,11,14,2
554.08,13,7,3
554.21,16,11,11
554.35,8,9,9
554.48,11,12,13
554.61,12,10,11
554.74,14,15,11
554.88,13,10,11
555.01,13,9,7
555.14,10,8,8
555.28,15,15,4
555.41,8,14,9
555.54,7,8,7
555.68,16,14,11
555.81,12,12,9
555.94,16,10,9
556.07,19,14,7
556.21,7,11,12
556.34,11,10,4
556.47,12,10,10
556.6,19,10,9
556.74,13,11,14
556.87,11,12,11
557,10,16,15
557.13,16,10,10
557.26,14,11,7
557.4,12,13,12
557.53,15,16,10
557.66,12,14,12
557.79,12,12,8
557.92,7,7,11
558.05,8,13,11
558.19,7,0,5
558.32,21,9,14
558.45,12,16,10
558.58,9,10,12
558.71,11,12,11
558.84,8,5,9
558.97,16,11,7
559.11,8,16,10
559.24,8,8,5
559.37,8,11,8
559.5,11,7,7
559.63,5,10,6
559.76,13,9,8
559.89,12,6,8
560.02,10,12,12
560.15,10,9,8
560.28,12,18,1
560.41,14,9,11
560.54,14,14,13
560.67,21,14,9
560.81,9,10,7
560.94,4,12,8
561.07,12,15,7
561.2,13,11,6
561.33,13,14,11
561.46,15,11,11
561.59,5,13,13
561.72,14,11,11
561.85,13,14,10
561.98,16,8,12
562.11,9,10,10
562.24,10,8,11
562.37,17,11,13
562.49,15,12,9
562.62,15,11,9
562.75,7,12,11
562.88,9,12,10
563.01,10,14,7
563.14,10,13,9
563.27,9,10,10
563.4,14,12,9
563.53,16,6,12
563.66,8,11,11
563.79,11,15,13
563.92,7,8,15
564.05,14,11,4
564.17,12,7,10
564.3,17,13,9
564.43,9,12,13
564.56,8,11,10
564.69,13,12,12
564.82,15,5,5
564.95,8,12,14
565.07,11,11,8
565.2,10,9,5
565.33,17,9,14
565.46,9,8,9
565.59,12,9,7
565.71,18,13,5
565.84,16,8,8
565.97,12,13,17
566.1,11,9,10
566.23,14,17,19
566.35,12,8,7
566.48,16,9,6
566.61,5,11,8
566.74,19,12,8
566.86,18,8,6
566.99,13,15,13
567.12,42,18,27
567.25,64,45,48
567.37,59,41,40
567.5,38,27,29
567.63,20,19,17
567.75,17,13,15
567.88,14,13,14
568.01,14,11,16
568.14,11,6,8
568.26,8,9,7
568.39,17,12,11
568.52,15,19,15
568.64,14,14,13
568.77,14,15,15
568.9,35,31,26
569.02,56,52,47
569.15,50,40,37
569.27,32,31,28
569.4,25,19,21
569.53,16,11,16
569.65,15,7,9
569.78,20,9,12
569.91,14,11,18
570.03,25,12,7
570.16,17,14,11
570.28,20,10,13
570.41,15,16,13
570.53,14,8,12
570.66,12,9,11
570.79,9,9,15
570.91,15,3,11
571.04,15,17,13
571.16,19,12,15
571.29,12,14,11
571.41,15,10,14
571.54,18,18,9
571.66,18,13,9
571.79,15,10,4
571.91,15,6,9
572.04,13,14,9
572.16,15,16,7
572.29,12,10,7
572.41,22,15,11
572.54,18,10,12
572.66,16,6,12
572.79,23,16,16
572.91,24,11,17
573.03,25,6,8
573.16,13,11,11
573.28,17,13,12
573.41,15,13,16
573.53,16,12,10
573.66,18,9,12
573.78,11,13,11
573.9,17,8,12
574.03,14,11,16
574.15,21,6,17
574.27,11,10,13
574.4,14,12,7
574.52,16,13,9
574.65,18,11,13
574.77,11,15,8
574.89,10,11,15
575.02,15,11,8
575.14,21,10,9
575.26,15,15,7
575.39,17,9,8
575.51,15,10,8
575.63,17,15,9
575.75,19,18,8
575.88,29,22,13
576,30,16,14
576.12,23,13,11
576.25,16,15,12
576.37,22,12,14
576.49,22,7,8
576.61,20,14,10
576.74,20,13,9
576.86,20,11,12
576.98,22,12,14
577.1,19,16,12
577.23,17,15,13
577.35,19,12,8
577.47,20,8,15
577.59,16,15,11
577.71,16,17,12
577.84,19,11,8
577.96,18,17,13
578.08,14,11,13
578.2,18,7,8
578.32,17,15,21
578.44,17,9,8
578.57,14,6,6
578.69,10,13,9
578.81,15,8,13
578.93,16,12,12
579.05,23,10,9
579.17,10,11,13
579.29,17,12,9
579.41,11,13,14
579.54,15,15,11
579.66,14,9,15
579.78,16,15,10
579.9,15,11,10
580.02,9,11,15
580.14,19,12,8
580.26,20,5,11
580.38,19,9,14
580.5,20,15,10
580.62,22,13,14
580.74,20,13,11
580.86,14,8,10
580.98,21,11,7
581.1,23,11,15
581.22,14,13,10
581.34,11,14,8
581.46,10,14,15
581.58,11,12,13
581.7,18,14,10
581.82,13,15,8
581.94,15,13,8
582.06,15,13,10
582.18,9,11,12
582.3,14,13,13
582.42,11,2,10
582.54,6,6,13
582.66,12,13,9
582.78,16,8,7
582.9,12,8,11
583.02,15,9,4
583.13,12,15,9
583.25,12,8,14
583.37,13,12,7
583.49,13,15,9
583.61,14,10,5
583.73,15,18,11
583.85,19,9,9
583.97,12,7,10
584.08,10,15,16
584.2,9,16,10
584.32,8,12,5
584.44,13,8,15
584.56,16,11,14
584.68,11,7,13
584.79,15,15,12
584.91,19,10,9
585.03,17,6,12
585.15,10,14,9
585.27,12,13,4
585.38,11,15,11
585.5,8,8,8
585.62,21,14,15
585.74,11,7,16
585.85,20,11,5
585.97,17,14,12
586.09,14,11,12
586.21,16,14,13
586.32,11,8,11
586.44,12,12,6
586.56,12,7,9
586.67,13,16,13
586.79,17,11,10
586.91,15,9,4
587.03,9,8,13
587.14,16,13,10
587.26,13,7,11
587.38,11,8,6
587.49,9,10,12
587.61,8,12,9
587.72,8,10,3
587.84,9,11,7
587.96,16,12,12
588.07,15,7,8
588.19,14,14,11
588.31,16,11,12
588.42,12,8,9
588.54,19,19,15
588.65,16,14,16
588.77,23,19,18
588.89,19,22,13
589,21,10,10
589.12,15,12,6
589.23,10,15,9
589.35,13,15,3
589.46,12,8,11
589.58,14,15,8
589.69,14,13,8
589.81,16,11,0
589.92,16,13,12
590.04,11,11,10
590.15,14,15,9
590.27,20,15,17
590.38,14,14,10
590.5,10,9,11
590.61,11,17,8
590.73,13,14,12
590.84,15,6,8
590.96,14,10,13
591.07,12,14,9
591.19,11,16,11
591.3,11,12,16
591.41,15,12,9
591.53,19,12,10
591.64,9,10,9
591.76,10,12,9
591.87,8,12,6
591.98,11,13,8
592.1,14,16,15
592.21,7,10,13
592.33,5,13,10
592.44,10,9,11
592.55,11,10,10
592.67,8,18,8
592.78,13,15,11
592.89,16,11,14
593.01,20,10,14
593.12,19,10,11
593.23,11,12,13
593.35,8,9,10
593.46,15,11,13
593.57,17,17,7
593.69,17,12,11
593.8,13,17,7
593.91,13,15,13
594.02,20,8,9
594.14,18,13,12
594.25,21,19,12
594.36,21,14,15
594.47,23,8,16
594.59,32,9,20
594.7,32,22,16
594.81,39,26,17
594.92,48,22,25
595.03,65,23,25
595.15,63,30,34
595.26,66,30,25
595.37,63,29,27
595.48,47,21,22
595.59,40,24,24
595.71,41,23,15
595.82,30,24,15
595.93,27,17,15
596.04,27,11,11
596.15,24,17,16
596.26,26,18,11
596.37,26,18,12
596.49,23,10,13
596.6,26,13,16
596.71,23,15,17
596.82,25,14,10
596.93,23,13,13
597.04,20,15,16
597.15,19,13,16
597.26,19,20,10
597.37,21,11,9
597.48,22,17,11
597.59,20,12,7
597.7,17,15,14
597.81,20,18,17
597.92,25,19,14
598.03,19,18,12
598.14,21,19,15
598.25,16,11,16
598.36,16,15,10
598.47,18,11,11
598.58,14,12,8
598.69,17,12,12
598.8,15,8,14
598.91,16,14,8
599.02,18,13,12
599.13,19,7,9
599.24,18,15,12
599.35,16,20,12
599.46,14,7,10
599.57,19,9,7
599.68,20,14,17
599.79,17,12,10
599.9,17,12,15
600.01,12,16,11
600.11,12,13,10
600.22,10,16,10
600.33,24,15,11
600.44,19,9,6
600.55,13,10,5
600.66,17,10,12
600.77,16,8,15
600.87,17,16,14
600.98,14,12,10
601.09,13,11,7
601.2,18,13,10
601.31,11,13,13
601.42,14,20,14
601.52,14,13,6
601.63,17,8,14
601.74,22,14,9
601.85,16,10,10
601.95,16,12,14
602.06,13,7,11
602.17,14,9,10
602.28,16,11,7
602.38,11,19,21
602.49,17,16,8
602.6,9,9,12
602.71,15,12,13
602.81,16,13,9
602.92,17,16,14
603.03,16,17,6
603.13,16,15,11
603.24,13,6,8
603.35,14,9,12
603.45,17,16,9
603.56,16,11,18
603.67,10,17,10
603.77,18,13,9
603.88,15,9,13
603.99,16,11,11
604.09,13,14,10
604.2,13,14,8
604.31,12,8,12
604.41,10,9,6
604.52,16,11,8
604.62,18,8,11
604.73,15,14,10
604.83,13,16,10
604.94,14,13,10
605.05,14,9,11
605.15,18,4,13
605.26,4,10,8
605.36,12,16,13
605.47,12,20,8
605.57,12,13,9
605.68,15,12,13
605.78,17,18,7
605.89,14,14,15
605.99,15,10,10
606.1,16,11,11
606.2,16,15,13
606.31,14,11,7
606.41,14,14,13
606.52,21,12,8
606.62,17,16,10
606.73,12,19,14
606.83,17,9,6
606.93,17,16,12
607.04,17,10,16
607.14,9,13,6
607.25,10,9,3
607.35,13,9,10
607.45,17,12,11
607.56,10,11,10
607.66,10,10,6
607.77,13,7,3
607.87,13,15,9
607.97,19,9,2
608.08,18,9,12
608.18,14,9,9
608.28,11,14,8
608.39,17,16,12
608.49,15,5,11
608.59,12,8,7
608.7,16,14,13
608.8,21,11,10
608.9,11,19,11
609.01,9,10,11
609.11,14,14,13
609.21,13,11,11
609.31,9,13,9
609.42,16,12,15
609.52,13,13,7
609.62,16,11,4
609.72,25,18,18
609.83,19,11,9
609.93,24,16,12
610.03,16,11,13
610.13,18,19,8
610.23,19,16,13
610.34,17,14,9
610.44,18,14,9
610.54,13,10,7
610.64,15,7,3
610.74,5,10,13
610.84,11,12,9
610.95,18,11,9
611.05,10,6,6
611.15,13,11,9
611.25,8,6,9
611.35,7,11,10
611.45,7,10,12
611.55,9,9,11
611.65,9,14,11
611.76,15,5,11
611.86,15,10,13
611.96,15,11,14
612.06,14,8,4
612.16,12,13,7
612.26,9,8,7
612.36,10,12,6
612.46,9,12,9
612.56,9,14,7
612.66,19,13,10
612.76,11,10,5
612.86,15,13,11
612.96,8,12,6
613.06,13,13,17
613.16,10,14,6
613.26,8,5,6
613.36,12,7,11
613.46,6,6,5
613.56,10,10,12
613.66,12,13,7
613.76,12,9,10
613.86,9,7,7
613.96,15,10,5
614.06,13,11,6
614.15,11,9,7
614.25,12,7,10
614.35,10,4,16
614.45,10,12,8
614.55,12,7,9
614.65,15,10,14
614.75,15,11,7
614.85,8,15,12
614.94,17,11,5
615.04,15,9,6
615.14,12,7,9
615.24,17,18,12
615.34,9,15,5
615.44,18,10,10
615.53,12,12,4
615.63,7,4,11
615.73,8,5,13
615.83,15,13,16
615.93,6,10,13
616.02,6,3,7
616.12,12,8,14
616.22,11,11,12
616.32,9,9,10
616.41,8,10,9
616.51,12,8,2
616.61,6,9,11
616.71,14,10,13
616.8,17,20,10
616.9,16,11,9
617,10,12,3
617.09,11,15,8
617.19,11,14,14
617.29,8,12,11
617.38,16,10,13
617.48,19,17,20
617.58,19,19,11
617.67,18,14,13
617.77,16,14,10
617.87,15,17,12
617.96,17,8,11
618.06,18,9,15
618.15,14,10,11
618.25,9,14,10
618.35,15,9,9
618.44,9,12,12
618.54,14,13,12
618.63,17,11,9
618.73,12,14,9
618.82,12,7,8
618.92,16,15,10
619.02,8,12,10
619.11,8,9,7
619.21,6,12,4
619.3,11,7,8
619.4,17,9,6
619.49,16,15,12
619.59,11,14,4
619.68,12,6,4
619.78,12,7,8
619.87,10,16,7
619.96,11,9,12
620.06,13,13,10
620.15,8,9,13
620.25,12,11,3
620.34,13,9,9
620.44,9,9,11
620.53,15,3,12
620.62,15,10,6
620.72,13,10,2
620.81,11,4,6
620.91,14,14,12
621,14,10,6
621.09,14,6,8
621.19,12,10,9
621.28,11,10,13
621.37,15,6,8
621.47,12,11,10
621.56,16,7,3
621.65,13,15,11
621.75,10,14,14
621.84,5,13,7
621.93,8,12,13
622.03,11,9,10
622.12,11,14,6
622.21,13,11,11
622.31,10,9,8
622.4,5,12,7
622.49,12,12,11
622.58,15,7,5
622.68,12,9,11
622.77,16,11,10
622.86,12,9,13
622.95,15,13,13
623.04,12,15,10
623.14,7,12,8
623.23,10,9,14
623.32,13,4,8
623.41,13,9,8
623.5,12,9,12
623.6,11,9,11
623.69,11,15,5
623.78,12,15,5
623.87,8,10,8
623.96,8,13,12
624.05,15,7,16
624.14,13,17,10
624.23,12,7,9
624.33,6,14,8
624.42,17,14,13
624.51,11,10,10
624.6,8,13,10
624.69,7,8,6
624.78,12,8,14
624.87,15,4,9
624.96,15,13,9
625.05,15,1,4
625.14,5,7,8
625.23,11,14,10
625.32,11,6,12
625.41,18,8,11
625.5,14,8,6
625.59,9,9,9
625.68,8,16,9
625.77,8,8,9
625.86,18,12,11
625.95,15,9,6
626.04,11,12,18
626.13,13,11,10
626.22,12,13,12
626.31,21,23,24
626.4,10,6,6
626.49,9,7,10
626.58,14,14,12
626.67,15,11,8
626.75,13,16,16
626.84,10,11,9
626.93,15,14,8
627.02,9,10,15
627.11,12,9,5
627.2,11,21,19
627.29,17,24,26
627.37,13,24,24
627.46,16,20,19
627.55,16,22,18
627.64,9,17,20
627.73,5,18,21
627.82,9,16,12
627.9,16,19,16
627.99,14,17,12
628.08,14,13,15
628.17,11,13,19
628.25,16,10,5
628.34,7,10,3
628.43,15,10,8
628.52,14,12,8
628.6,13,8,6
628.69,9,12,10
628.78,11,7,16
628.87,11,11,13
628.95,12,15,6
629.04,8,8,9
629.13,13,12,6
629.21,8,11,6
629.3,11,12,8
629.39,16,6,12
629.47,13,12,10
629.56,11,16,11
629.65,9,7,3
629.73,11,9,7
629.82,16,11,9
629.9,17,9,8
629.99,14,9,10
630.08,16,15,13
630.16,12,12,9
630.25,13,10,10
630.33,20,15,22
630.42,17,14,11
630.5,12,6,11
630.59,17,11,14
630.68,6,14,3
630.76,8,6,10
630.85,16,14,12
630.93,11,10,7
631.02,14,10,4
631.1,11,7,8
631.19,10,8,22
631.27,9,14,7
631.36,11,8,10
631.44,12,8,6
631.52,15,5,11
631.61,12,9,8
631.69,10,15,2
631.78,11,10,7
631.86,11,8,7
631.95,8,10,6
632.03,7,11,6
632.11,10,8,6
632.2,10,6,7
632.28,11,9,7
632.37,10,6,13
632.45,9,10,4
632.53,11,10,15
632.62,10,12,10
632.7,10,12,8
632.78,12,12,8
632.87,14,11,10
632.95,10,14,12
633.03,21,5,8
633.12,9,12,11
633.2,17,12,6
633.28,14,9,5
633.37,7,9,8
633.45,15,15,9
633.53,9,12,9
633.61,19,9,12
633.7,15,15,7
633.78,8,10,6
633.86,14,8,8
633.94,8,15,11
634.03,18,9,13
634.11,6,10,14
634.19,6,7,5
634.27,15,11,11
634.35,12,8,5
634.44,14,12,10
634.52,21,13,15
634.6,25,17,14
634.68,21,22,21
634.76,18,20,16
634.84,15,14,14
634.92,15,16,11
635.01,12,15,9
635.09,16,15,11
635.17,8,10,12
635.25,13,15,14
635.33,19,17,17
635.41,11,12,6
635.49,13,8,12
635.57,9,7,9
635.65,14,16,9
635.73,16,10,10
635.81,9,14,15
635.89,11,12,3
635.97,2,6,3
636.05,16,10,9
636.13,8,16,11
636.21,11,11,11
636.29,10,6,4
636.37,15,5,11
636.45,12,11,8
636.53,9,8,6
636.61,12,12,11
636.69,8,4,14
636.77,10,10,14
636.85,12,10,9
636.93,12,9,11
637.01,13,17,7
637.09,14,10,8
637.17,12,11,9
637.25,7,8,5
637.33,12,12,9
637.41,11,10,8
637.48,13,11,12
637.56,9,12,8
637.64,7,11,6
637.72,14,6,8
637.8,9,11,11
637.88,9,11,4
637.95,11,13,5
638.03,8,7,8
638.11,13,12,10
638.19,9,12,11
638.27,13,13,16
638.34,12,18,14
638.42,7,7,14
638.5,12,5,8
638.58,13,8,9
638.66,13,10,9
638.73,15,13,5
638.81,12,13,12
638.89,19,11,2
638.96,20,12,6
639.04,11,14,18
639.12,27,13,15
639.2,18,18,13
639.27,21,16,16
639.35,16,17,13
639.43,16,14,11
639.5,15,17,11
639.58,20,14,11
639.66,18,14,15
639.73,16,8,11
639.81,13,10,17
639.88,10,10,14
639.96,8,11,13
640.04,14,16,3
640.11,11,12,7
640.19,13,9,9
640.26,13,5,12
640.34,18,12,7
640.42,11,10,10
640.49,15,12,8
640.57,17,7,6
640.64,13,5,9
640.72,10,12,5
640.79,14,6,8
640.87,15,10,9
640.94,10,9,9
641.02,13,3,5
641.09,9,6,10
641.17,8,11,9
641.24,10,9,9
641.32,11,9,6
641.39,12,10,9
641.47,12,11,13
641.54,10,9,11
641.61,9,10,11
641.69,9,12,16
641.76,11,13,13
641.84,11,13,9
641.91,13,7,10
641.98,6,16,14
642.06,15,14,9
642.13,9,14,5
642.2,10,10,15
642.28,3,8,10
642.35,7,6,12
642.43,11,8,7
642.5,10,8,12
642.57,10,15,5
642.64,6,12,2
642.72,13,15,14
642.79,11,12,9
642.86,5,11,11
642.94,6,8,8
643.01,15,7,11
643.08,10,12,12
643.15,12,6,6
643.23,14,2,9
643.3,14,8,8
643.37,10,17,12
643.44,8,11,9
643.52,8,8,7
643.59,9,13,11
643.66,8,8,9
643.73,11,7,7
643.8,8,4,1
643.88,6,13,10
643.95,8,9,2
644.02,15,12,6
644.09,17,8,11
644.16,11,6,6
644.23,11,10,10
644.3,7,10,8
644.37,20,8,16
644.45,14,12,8
644.52,6,11,7
644.59,10,17,7
644.66,10,9,4
644.73,10,12,13
644.8,11,8,12
644.87,8,15,7
644.94,12,9,6
645.01,9,13,9
645.08,16,12,11
645.15,14,7,8
645.22,15,10,9
645.29,14,13,8
645.36,9,14,14
661,0,0,0
661.08,1,0,6
661.15,2,0,6
661.23,6,8,3
661.3,0,4,3
661.38,8,4,8
661.45,0,4,3
661.53,1,5,4
661.6,2,1,3
661.68,3,0,1
661.75,8,5,4
661.83,1,9,8
661.9,3,1,4
661.98,2,3,6
662.05,5,7,5
662.13,2,3,10
662.21,0,2,0
662.28,2,0,1
662.36,4,0,7
662.43,2,1,2
662.51,2,5,6
662.59,7,10,6
662.66,0,0,0
662.74,6,7,7
662.82,1,2,4
662.89,1,5,13
662.97,1,6,6
663.05,0,6,5
663.12,6,5,7
663.2,2,4,5
663.28,2,13,0
663.35,1,4,5
663.43,0,5,9
663.51,0,3,10
663.59,9,9,8
663.66,5,6,5
663.74,0,9,5
663.82,1,0,5
663.9,4,5,7
663.97,6,7,1
664.05,3,5,7
664.13,5,4,0
664.21,4,4,6
664.29,0,3,5
664.36,5,8,11
664.44,0,0,9
664.52,0,4,10
664.6,4,5,6
664.68,0,2,5
664.76,4,8,7
664.83,2,8,3
664.91,3,1,3
664.99,1,2,0
665.07,0,12,4
665.15,4,2,5
665.23,1,2,3
665.31,0,3,1
665.39,4,2,0
665.47,1,6,3
665.55,2,6,1
665.63,8,6,6
665.71,4,3,5
665.79,1,7,8
665.86,0,5,13
665.94,3,0,5
666.02,4,0,6
666.1,5,6,6
666.18,5,1,6
666.26,8,4,4
666.35,8,3,5
666.43,6,9,6
666.51,0,1,6
666.59,0,0,6
666.67,6,0,2
666.75,0,3,2
666.83,0,4,2
666.91,8,8,2
666.99,0,7,3
667.07,0,6,5
667.15,3,2,9
667.23,0,3,0
667.31,9,10,4
667.4,8,11,11
667.48,9,6,9
667.56,11,7,3
667.64,3,5,1
667.72,1,1,3
667.8,3,0,1
667.89,1,9,4
667.97,2,5,6
668.05,3,3,3
668.13,0,3,7
668.21,5,8,4
668.3,5,0,1
668.38,3,4,8
668.46,0,1,3
668.54,1,4,7
668.63,3,5,3
668.71,0,2,5
668.79,7,4,3
668.87,6,2,1
668.96,2,5,4
669.04,0,5,5
669.12,6,8,5
669.21,3,6,6
669.29,2,4,7
669.37,6,3,1
669.46,1,3,6
669.54,0,5,5
669.62,6,5,8
669.71,5,5,3
669.79,3,4,1
669.87,2,6,7
669.96,5,4,6
670.04,4,2,9
670.13,1,0,6
670.21,9,2,2
670.3,2,4,4
670.38,3,7,5
670.46,2,4,8
670.55,5,5,4
670.63,6,4,3
670.72,8,6,6
670.8,3,0,6
670.89,10,10,5
670.97,3,2,6
671.06,1,10,3
671.14,4,0,2
671.23,5,7,2
671.31,1,8,9
671.4,6,5,4
671.48,4,5,2
671.57,5,6,2
671.65,4,7,4
671.74,3,0,7
671.83,2,0,0
671.91,0,6,6
672,6,5,1
672.08,9,6,0
672.17,4,4,0
672.26,2,9,6
672.34,0,2,5
672.43,0,7,3
672.51,5,0,5
672.6,10,5,5
672.69,4,4,0
672.77,3,6,3
672.86,2,2,3
672.95,4,0,2
673.04,5,6,2
673.12,4,5,8
673.21,3,7,9
673.3,7,3,4
673.38,2,2,1
673.47,3,3,5
673.56,4,7,4
673.65,3,6,4
673.73,3,5,4
673.82,5,7,0
673.91,2,7,7
674,1,4,5
674.08,2,8,6
674.17,6,7,8
674.26,10,8,4
674.35,0,5,5
674.44,4,0,0
674.53,0,6,5
674.61,0,5,4
674.7,0,5,2
674.79,7,4,2
674.88,4,0,5
674.97,2,4,0
675.06,6,2,10
675.15,1,17,17
675.23,5,19,22
675.32,7,9,8
675.41,0,8,2
675.5,6,2,0
675.59,6,6,6
675.68,0,2,1
675.77,2,1,2
675.86,0,7,5
675.95,0,5,6
676.04,3,2,1
676.13,5,5,7
676.22,0,2,3
676.31,10,6,9
676.4,1,1,3
676.49,0,7,2
676.58,0,5,7
676.67,4,4,0
676.76,4,6,6
676.85,7,11,2
676.94,0,4,5
677.03,3,5,9
677.12,6,11,0
677.21,1,0,4
677.3,2,0,6
677.39,0,5,5
677.49,2,4,1
677.58,7,4,3
677.67,6,2,4
677.76,3,7,5
677.85,5,3,4
677.94,0,4,9
678.03,6,10,2
678.13,0,5,5
678.22,8,12,6
678.31,5,6,0
678.4,0,3,7
678.49,7,0,4
678.58,0,0,2
678.68,3,2,3
678.77,4,0,1
678.86,7,5,5
678.95,7,10,6
679.05,0,8,2
679.14,4,6,0
679.23,5,5,7
679.32,5,5,8
679.42,4,9,10
679.51,1,4,4
679.6,6,9,0
679.7,5,8,3
679.79,0,3,5
679.88,6,1,9
679.98,0,0,7
680.07,1,2,0
680.16,5,6,1
680.26,3,6,1
680.35,4,5,9
680.44,4,4,4
680.54,0,4,5
680.63,9,2,5
680.72,8,6,3
680.82,0,0,8
680.91,0,4,2
681.01,1,11,8
681.1,6,2,1
681.2,2,2,4
681.29,3,8,0
681.38,5,5,7
681.48,10,1,8
681.57,11,1,0
681.67,14,12,8
681.76,20,23,17
681.86,14,5,9
681.95,8,5,8
682.05,2,7,7
682.14,4,2,3
682.24,3,12,4
682.33,3,7,4
682.43,0,1,6
682.53,5,1,2
682.62,3,5,2
682.72,0,0,4
682.81,3,7,3
682.91,1,5,6
683,5,0,9
683.1,1,5,4
683.2,6,3,2
683.29,0,5,5
683.39,0,2,4
683.49,0,5,9
683.58,5,1,4
683.68,5,5,3
683.78,4,0,5
683.87,3,10,4
683.97,2,8,3
684.07,3,8,2
684.16,6,5,6
684.26,5,8,3
684.36,2,4,1
684.45,7,1,4
684.55,0,5,7
684.65,5,6,0
684.75,5,6,1
684.84,9,9,2
684.94,3,1,4
685.04,1,7,10
685.14,2,2,3
685.23,2,0,6
685.33,4,5,0
685.43,0,0,2
685.53,2,0,5
685.63,0,0,7
685.72,7,9,6
685.82,8,3,0
685.92,7,5,8
686.02,9,8,8
686.12,0,9,5
686.22,9,2,2
686.32,22,13,10
686.41,21,8,14
686.51,13,8,2
686.61,6,3,8
686.71,3,7,1
686.81,4,5,4
686.91,5,8,4
687.01,5,4,1
687.11,0,6,9
687.21,4,6,5
687.31,3,12,2
687.41,2,6,2
687.51,3,5,2
687.61,1,2,4
687.71,2,4,9
687.81,0,0,4
687.91,5,9,4
688.01,0,5,6
688.11,6,7,8
688.21,1,6,2
688.31,6,5,0
688.41,3,5,2
688.51,3,4,4
688.61,3,6,2
688.71,3,0,2
688.81,1,7,5
688.91,0,6,9
689.01,4,0,4
689.12,6,5,8
689.22,1,2,4
689.32,8,7,3
689.42,3,4,1
689.52,2,10,7
689.62,0,1,3
689.72,3,4,6
689.83,0,3,9
689.93,0,4,0
690.03,4,4,4
690.13,2,8,7
690.23,2,4,6
690.33,5,3,10
690.44,2,4,8
690.54,4,5,2
690.64,5,1,10
690.74,1,3,8
690.85,4,5,8
690.95,7,2,1
691.05,6,6,3
691.15,4,3,7
691.26,4,8,4
691.36,0,2,4
691.46,0,3,1
691.57,3,7,7
691.67,4,7,1
691.77,5,7,0
691.88,2,5,2
691.98,0,4,0
692.08,3,0,1
692.19,0,2,5
692.29,5,1,0
692.39,2,5,4
692.5,5,4,3
692.6,2,1,9
692.71,6,2,7
692.81,8,1,7
692.91,3,3,4
693.02,1,3,0
693.12,6,1,1
693.23,0,2,3
693.33,5,8,3
693.44,10,4,3
693.54,6,6,3
693.65,5,5,0
693.75,6,8,8
693.85,6,6,7
693.96,11,5,11
694.06,21,15,19
694.17,12,14,14
694.28,10,9,1
694.38,0,10,3
694.49,2,4,7
694.59,2,6,7
694.7,4,3,2
694.8,0,4,2
694.91,2,3,4
695.01,5,0,0
695.12,1,4,6
695.23,12,6,1
695.33,12,8,10
695.44,0,8,2
695.54,2,3,3
695.65,7,6,9
695.76,4,3,6
695.86,4,1,5
695.97,0,4,2
696.08,0,3,3
696.18,2,3,6
696.29,0,9,8
696.4,9,13,16
696.5,3,0,3
696.61,1,7,6
696.72,1,4,5
696.83,9,3,3
696.93,4,5,5
697.04,0,3,1
697.15,2,0,3
697.26,0,9,9
697.36,1,12,4
697.47,1,4,2
697.58,4,0,4
697.69,3,5,0
697.79,0,5,6
697.9,0,6,0
698.01,5,9,6
698.12,8,9,5
698.23,7,1,4
698.34,6,5,7
698.44,4,1,5
698.55,14,13,13
698.66,16,10,7
698.77,9,6,8
698.88,7,6,3
698.99,6,7,4
699.1,8,5,4
699.21,2,4,7
699.32,1,4,5
699.42,3,6,7
699.53,8,6,9
699.64,8,6,7
699.75,6,13,8
699.86,6,3,6
699.97,10,4,0
700.08,8,4,6
700.19,14,9,13
700.3,16,8,7
700.41,103,37,47
700.52,702,275,274
700.63,1142,622,606
700.74,789,416,417
700.85,244,132,123
700.96,66,37,35
701.07,33,10,13
701.18,16,9,9
701.29,7,4,8
701.4,8,7,7
701.52,7,4,12
701.63,5,9,7
701.74,5,8,4
701.85,3,5,3
701.96,0,0,6
702.07,5,6,8
702.18,4,10,9
702.29,0,1,1
702.4,9,5,2
702.52,10,8,7
702.63,0,2,2
702.74,8,5,6
702.85,5,4,7
702.96,2,1,4
703.07,0,6,6
703.19,6,9,7
703.3,0,10,2
703.41,4,9,10
703.52,6,9,4
703.64,3,2,2
703.75,2,1,6
703.86,11,0,0
703.97,2,5,2
704.09,6,4,0
704.2,0,2,5
704.31,3,6,5
704.42,0,0,4
704.54,4,1,0
704.65,5,8,1
704.76,5,2,5
704.88,0,1,10
704.99,5,0,5
705.1,2,2,5
705.22,14,7,2
705.33,19,13,12
705.45,13,11,10
705.56,2,1,0
705.67,2,6,1
705.79,5,6,10
705.9,7,8,5
706.01,9,10,0
706.13,0,1,5
706.24,2,4,7
706.36,8,8,12
706.47,7,8,5
706.59,4,4,7
706.7,4,8,3
706.82,3,4,4
706.93,2,7,6
707.05,10,9,7
707.16,1,8,7
707.28,4,6,2
707.39,4,9,6
707.51,10,5,2
707.62,9,5,6
707.74,12,11,10
707.85,24,18,19
707.97,271,101,113
708.08,731,362,351
708.2,720,420,403
708.31,344,177,169
708.43,98,61,54
708.55,32,25,20
708.66,19,9,7
708.78,6,13,9
708.89,8,7,7
709.01,8,6,9
709.13,4,8,8
709.24,4,4,7
709.36,2,1,6
709.48,1,6,6
709.59,8,4,2
709.71,7,1,5
709.83,8,7,3
709.94,5,2,4
710.06,8,6,6
710.18,1,1,0
710.3,0,2,6
710.41,3,5,8
710.53,2,6,3
710.65,2,4,6
710.77,7,10,8
710.88,0,8,2
711,5,6,5
711.12,6,8,4
711.24,8,7,6
711.35,6,9,3
711.47,0,5,7
711.59,4,5,3
711.71,6,1,2
711.83,5,2,1
711.94,6,0,1
712.06,9,7,3
712.18,14,11,7
712.3,10,5,3
712.42,6,2,3
712.54,9,6,5
712.66,4,5,8
712.78,3,7,5
712.89,1,6,7
713.01,4,4,1
713.13,6,5,7
713.25,7,0,0
713.37,8,6,3
713.49,5,6,6
713.61,0,0,4
713.73,2,6,0
713.85,8,12,0
713.97,8,5,2
714.09,12,7,7
714.21,64,28,31
714.33,115,69,65
714.45,92,50,52
714.57,38,19,17
714.69,10,9,11
714.81,3,5,6
714.93,3,3,6
715.05,4,6,2
715.17,8,4,2
715.29,9,1,4
715.41,12,7,8
715.53,2,1,0
715.65,6,3,0
715.78,6,5,7
715.9,0,1,4
716.02,9,7,11
716.14,4,6,3
716.26,1,6,3
716.38,2,4,10
716.5,5,11,5
716.62,1,3,6
716.75,0,4,4
716.87,1,4,12
716.99,2,11,4
717.11,0,4,0
717.23,9,0,6
717.36,2,7,11
717.48,4,8,4
717.6,4,8,6
717.72,9,6,0
717.85,4,3,4
717.97,0,8,6
718.09,5,1,3
718.21,10,5,2
718.34,1,3,4
718.46,2,4,2
718.58,10,5,6
718.7,6,1,4
718.83,0,1,0
718.95,3,3,6
719.07,5,7,6
719.2,7,5,8
719.32,13,8,4
719.44,6,0,7
719.57,4,10,8
719.69,3,2,6
719.82,3,9,7
719.94,4,0,0
720.06,0,5,2
720.19,0,6,3
720.31,3,2,2
720.44,4,2,0
720.56,5,8,8
720.68,6,5,4
720.81,1,6,0
720.93,7,3,9
721.06,0,3,0
721.18,5,7,5
721.31,6,4,2
721.43,8,0,4
721.56,8,3,5
721.68,3,8,6
721.81,3,4,7
721.93,7,1,6
722.06,2,5,4
722.18,6,10,4
722.31,3,6,3
722.43,3,2,3
722.56,0,0,2
722.68,3,7,3
722.81,0,7,2
722.94,1,6,3
723.06,3,6,4
723.19,2,3,5
723.31,0,4,5
723.44,2,4,8
723.57,7,1,8
723.69,8,1,5
723.82,3,5,3
723.95,3,2,0
724.07,5,10,4
724.2,8,3,0
724.33,12,8,4
724.45,33,12,16
724.58,166,78,63
724.71,287,152,155
724.83,214,126,114
724.96,89,50,53
725.09,36,11,20
725.21,16,9,13
725.34,9,6,8
725.47,9,8,2
725.6,6,2,5
725.72,3,5,6
725.85,2,5,8
725.98,2,7,7
726.11,8,4,4
726.24,3,7,0
726.36,5,6,0
726.49,9,4,4
726.62,4,0,8
726.75,7,3,9
726.88,14,11,7
727.01,42,25,23
727.13,55,34,30
727.26,37,22,24
727.39,19,10,11
727.52,9,9,9
727.65,8,0,2
727.78,3,8,7
727.91,7,4,7
728.04,6,3,6
728.17,5,2,4
728.29,7,9,0
728.42,4,2,10
728.55,7,4,8
728.68,7,9,4
728.81,6,4,0
728.94,6,6,4
729.07,6,13,5
729.2,0,8,1
729.33,7,10,10
729.46,0,5,6
729.59,7,6,7
729.72,5,1,4
729.85,8,8,5
729.98,3,4,4
730.11,4,5,3
730.24,0,3,6
730.37,0,2,5
730.51,2,8,7
730.64,6,0,9
730.77,3,5,5
730.9,8,5,1
731.03,1,6,6
731.16,8,4,14
731.29,9,9,6
731.42,7,3,3
731.55,2,5,10
731.69,8,10,11
731.82,15,15,13
731.95,12,11,3
732.08,6,6,12
732.21,5,5,7
732.34,7,7,3
732.48,4,0,3
732.61,1,5,10
732.74,3,9,7
732.87,6,8,5
733,9,3,6
733.14,5,6,2
733.27,17,15,6
733.4,18,12,12
733.53,21,13,12
733.67,10,3,8
733.8,13,10,9
733.93,7,7,11
734.07,18,16,13
734.2,81,32,35
734.33,627,244,231
734.47,1245,671,655
734.6,1045,594,585
734.73,480,264,243
734.87,170,97,98
735,63,36,42
735.13,42,22,25
735.27,14,17,11
735.4,13,7,10
735.53,4,8,8
735.67,9,10,9
735.8,3,8,10
735.94,6,1,6
736.07,4,3,6
736.2,7,1,2
736.34,11,5,0
736.47,2,6,2
736.61,4,2,8
736.74,6,7,6
736.88,8,3,4
737.01,6,10,10
737.15,11,6,9
737.28,2,5,6
737.42,3,7,6
737.55,4,3,0
737.69,0,7,0
737.82,0,1,7
737.96,2,6,3
738.09,5,2,4
738.23,5,5,6
738.36,7,11,5
738.5,8,0,0
738.64,4,4,0
738.77,5,4,10
738.91,5,3,6
739.04,6,1,9
739.18,7,5,0
739.32,8,9,8
739.45,14,2,11
739.59,6,1,6
739.72,5,5,5
739.86,6,12,8
740,0,3,3
740.13,7,7,9
740.27,6,8,6
740.41,6,6,8
740.54,8,5,7
740.68,0,9,9
740.82,2,8,3
740.96,9,4,7
741.09,9,7,4
741.23,8,9,4
741.37,5,6,4
741.51,9,6,4
741.64,5,4,5
741.78,0,4,7
741.92,3,6,5
742.06,0,6,5
742.19,3,8,1
742.33,5,4,5
742.47,7,7,7
742.61,7,4,10
742.75,5,7,9
742.89,7,2,5
743.02,6,4,5
743.16,4,4,0
743.3,4,0,0
743.44,4,4,6
743.58,2,7,1
743.72,9,9,7
743.86,10,4,4
744,6,6,2
744.13,14,7,2
744.27,9,7,5
744.41,6,9,6
744.55,8,8,9
744.69,13,8,14
744.83,14,3,8
744.97,12,10,7
745.11,11,15,7
745.25,20,14,14
745.39,54,25,23
745.53,434,167,177
745.67,1293,646,647
745.81,1429,854,855
745.95,798,463,462
746.09,318,182,178
746.23,131,73,79
746.37,76,41,46
746.51,167,67,80
746.65,836,354,350
746.79,1375,751,725
746.93,1052,608,591
747.07,473,255,247
747.22,184,93,95
747.36,75,42,44
747.5,46,22,27
747.64,21,16,16
747.78,17,8,12
747.92,18,10,3
748.06,10,6,5
748.2,11,8,8
748.35,11,6,6
748.49,7,7,8
748.63,4,5,8
748.77,2,5,9
748.91,4,7,6
749.05,3,0,3
749.2,3,6,9
749.34,8,10,11
749.48,4,4,10
749.62,9,6,2
749.77,1,4,0
749.91,2,2,1
750.05,0,2,2
750.19,4,2,0
750.34,2,10,5
750.48,5,3,4
750.62,0,7,9
750.76,6,4,2
750.91,6,4,2
751.05,8,7,3
751.19,0,4,5
751.34,1,0,5
751.48,3,4,5
751.62,9,2,3
751.77,3,4,3
751.91,3,3,5
752.06,10,5,9
752.2,4,9,7
752.34,3,6,4
752.49,2,5,9
752.63,9,9,7
752.78,4,4,7
752.92,1,3,8
753.06,7,6,2
753.21,8,5,9
753.35,4,6,3
753.5,4,7,4
753.64,4,6,7
753.79,3,6,7
753.93,3,5,7
754.08,4,9,5
754.22,10,10,7
754.37,2,1,4
754.51,2,3,8
754.66,5,5,2
754.8,6,6,10
754.95,6,4,5
755.09,5,7,10
755.24,5,4,8
755.38,0,4,5
755.53,3,8,7
755.68,8,9,13
755.82,7,3,9
755.97,12,10,12
756.11,3,4,4
756.26,2,7,4
756.41,5,8,8
756.55,13,4,6
756.7,4,4,9
756.85,12,9,7
756.99,9,4,9
757.14,12,18,12
757.29,9,6,12
757.43,9,8,11
757.58,17,6,14
757.73,17,7,8
757.87,17,12,12
758.02,20,15,14
758.17,27,17,6
758.31,28,18,18
758.46,52,30,28
758.61,296,118,117
758.76,1959,787,783
758.9,3792,2029,1989
759.05,3248,1900,1830
759.2,1702,914,912
759.35,685,376,373
759.5,277,146,148
759.64,129,66,71
759.79,67,40,38
759.94,40,20,24
760.09,27,19,19
760.24,14,11,7
760.39,14,10,11
760.53,15,17,8
760.68,4,10,7
760.83,9,13,5
760.98,8,8,6
761.13,0,10,2
761.28,1,8,5
761.43,8,10,3
761.58,5,8,11
761.73,7,9,4
761.87,8,12,7
762.02,10,15,12
762.17,1,4,9
762.32,3,5,3
762.47,5,6,6
762.62,11,7,8
762.77,5,8,6
762.92,5,0,3
763.07,1,4,6
763.22,6,4,8
763.37,4,3,7
763.52,0,6,2
763.67,8,10,8
763.82,3,4,6
763.97,0,4,11
764.12,4,4,6
764.27,5,6,6
764.43,8,3,2
764.58,4,4,9
764.73,3,5,7
764.88,4,2,5
765.03,10,13,11
765.18,4,6,4
765.33,8,7,0
765.48,0,0,6
765.63,9,7,8
765.79,2,5,0
765.94,8,3,5
766.09,9,5,8
766.24,10,8,8
766.39,8,2,2
766.54,8,6,8
766.7,12,8,7
766.85,0,4,4
767,1,5,6
767.15,5,3,4
767.3,1,5,10
767.46,10,7,5
767.61,11,7,11
767.76,13,9,8
767.91,30,16,15
768.07,115,49,50
768.22,702,295,282
768.37,1449,750,747
768.53,1326,758,734
768.68,722,411,397
768.83,316,175,173
768.98,132,75,73
769.14,62,35,33
769.29,35,20,19
769.44,17,17,9
769.6,12,10,6
769.75,2,7,4
769.91,1,7,6
770.06,7,9,5
770.21,6,4,7
770.37,6,3,1
770.52,0,8,4
770.68,9,6,6
770.83,0,10,10
770.98,4,10,8
771.14,0,2,14
771.29,0,1,5
771.45,0,7,8
771.6,5,6,0
771.76,7,9,3
771.91,9,9,7
772.07,4,4,8
772.22,8,15,9
772.38,8,8,7
772.53,0,2,8
772.69,1,4,5
772.84,11,9,14
773,5,2,8
773.15,7,3,2
773.31,8,5,8
773.46,4,2,5
773.62,6,9,8
773.77,0,2,7
773.93,6,11,9
774.09,9,6,10
774.24,4,11,8
774.4,3,6,11
774.55,10,4,2
774.71,1,2,4
774.87,8,4,6
775.02,6,8,1
775.18,0,0,6
775.34,2,8,9
775.49,0,5,1
775.65,5,4,0
775.81,1,8,6
775.96,2,9,3
776.12,3,7,8
776.28,0,3,7
776.44,0,6,1
776.59,2,3,2
776.75,6,8,4
776.91,7,0,4
777.07,2,3,2
777.22,2,5,0
777.38,0,2,7
777.54,2,2,0
777.7,0,8,0
777.85,5,11,8
778.01,6,2,6
778.17,6,5,7
778.33,5,1,6
778.49,6,7,2
778.64,3,12,3
778.8,2,5,2
778.96,1,5,5
779.12,1,6,6
779.28,2,6,0
779.44,3,5,3
779.6,10,9,0
779.76,0,0,3
779.91,3,0,8
780.07,1,7,6
780.23,4,6,7
780.39,1,3,6
780.55,5,1,8
780.71,8,4,6
780.87,4,6,7
781.03,4,8,9
781.19,0,3,7
781.35,3,8,5
781.51,5,5,5
781.67,4,5,5
781.83,4,3,0
781.99,2,0,7
782.15,2,0,0
782.31,0,5,2
782.47,5,7,3
782.63,6,2,2
782.79,1,5,1
782.95,4,4,1
783.11,5,7,6
783.27,8,3,10
783.43,4,10,2
783.59,3,2,6
783.76,5,1,4
783.92,8,7,2
784.08,1,6,4
784.24,1,6,5
784.4,7,3,9
784.56,2,9,5
784.72,10,6,9
784.88,0,4,2
785.05,3,1,7
785.21,6,0,1
785.37,4,2,6
785.53,6,4,10
785.69,2,6,3
785.86,5,7,4
786.02,0,1,0
786.18,1,8,3
786.34,4,5,5
786.5,8,10,6
786.67,3,0,5
786.83,3,8,4
786.99,0,10,4
787.16,3,5,2
787.32,8,3,8
787.48,6,7,4
787.64,5,12,5
787.81,8,4,10
787.97,6,6,5
788.13,3,6,0
788.3,6,0,2
788.46,0,2,3
788.62,7,3,7
788.79,3,4,4
788.95,0,0,3
789.11,7,6,2
789.28,2,4,11
789.44,3,1,3
789.61,3,1,1
789.77,4,2,4
789.93,2,0,6
790.1,4,4,8
790.26,8,8,2
790.43,5,9,10
790.59,0,2,15
790.76,7,8,6
790.92,4,9,2
791.09,5,2,8
791.25,2,6,3
791.42,8,6,5
791.58,1,5,6
791.75,0,3,0
791.91,7,3,8
792.08,6,4,3
792.24,9,9,3
792.41,7,6,8
792.57,9,3,10
792.74,6,9,7
792.9,8,6,6
793.07,11,1,7
793.23,6,4,14
793.4,7,6,5
793.57,7,5,10
793.73,14,8,13
793.9,32,19,22
794.06,209,86,76
794.23,701,330,337
794.4,1012,555,546
794.56,779,448,434
794.73,461,256,248
794.9,225,119,117
795.06,97,55,54
795.23,50,31,28
795.4,24,10,18
795.56,15,13,11
795.73,10,12,6
795.9,4,11,10
796.07,14,6,8
796.23,9,11,5
796.4,5,3,6
796.57,2,2,6
796.74,5,3,1
796.9,5,5,8
797.07,6,1,5
797.24,2,3,6
797.41,9,4,8
797.57,8,0,7
797.74,3,2,3
797.91,0,9,2
798.08,8,1,5
798.25,6,3,3
798.42,2,9,7
798.58,5,6,4
798.75,9,5,12
798.92,5,4,8
799.09,1,7,8
799.26,0,7,0
799.43,1,8,4
799.6,6,4,7
799.77,6,0,6
799.93,7,5,5
800.1,2,12,1
800.27,10,6,5
800.44,11,8,6
800.61,6,8,6
800.78,8,10,4
800.95,16,8,8
801.12,29,11,15
801.29,178,70,70
801.46,533,263,257
801.63,736,410,410
801.8,571,337,317
801.97,357,197,194
802.14,202,107,105
802.31,205,95,89
802.48,644,283,277
802.65,1183,614,617
802.82,1114,628,631
802.99,725,416,409
803.16,414,233,221
803.33,195,105,101
803.51,95,54,47
803.68,49,29,32
803.85,29,19,21
804.02,11,11,10
804.19,18,10,10
804.36,17,9,10
804.53,12,3,5
804.7,2,5,5
804.88,8,6,13
805.05,5,9,0
805.22,4,4,7
805.39,7,7,6
805.56,4,2,0
805.73,8,10,10
805.91,7,7,6
806.08,2,5,6
806.25,2,2,2
806.42,0,6,7
806.6,6,4,4
806.77,8,6,2
806.94,7,2,10
807.11,2,7,7
807.29,11,2,6
807.46,11,5,8
807.63,3,6,10
807.8,7,12,4
807.98,5,3,12
808.15,5,5,9
808.32,7,7,3
808.5,6,6,2
808.67,5,7,4
808.84,7,5,6
809.02,3,8,8
809.19,5,6,6
809.36,7,2,0
809.54,2,3,6
809.71,3,9,5
809.89,3,3,6
810.06,3,9,5
810.23,4,4,8
810.41,6,5,9
810.58,2,5,10
810.76,8,9,6
810.93,12,6,4
811.11,7,3,6
811.28,2,3,8
811.45,5,0,4
811.63,4,8,6
811.8,5,5,12
811.98,12,4,8
812.15,9,8,10
812.33,13,6,10
812.5,14,12,9
812.68,26,14,16
812.86,41,21,20
813.03,34,18,19
813.21,30,22,16
813.38,26,14,17
813.56,22,15,21
813.73,43,20,23
813.91,221,82,77
814.08,756,340,348
814.26,1119,603,602
814.44,962,557,561
814.61,653,357,362
814.79,393,216,212
814.97,220,127,112
815.14,126,65,60
815.32,164,74,70
815.5,769,310,305
815.67,2143,1068,1045
815.85,2764,1583,1550
816.03,2241,1310,1284
816.2,1509,835,803
816.38,887,468,463
816.56,449,239,225
816.73,212,108,106
816.91,121,65,61
817.09,74,40,36
817.27,45,25,24
817.44,25,15,19
817.62,22,15,11
817.8,12,8,12
817.98,7,12,9
818.15,12,10,13
818.33,8,11,8
818.51,9,7,10
818.69,0,5,4
818.87,10,4,3
819.04,9,7,4
819.22,4,2,0
819.4,6,2,7
819.58,7,5,12
819.76,8,4,1
819.94,5,5,6
820.12,4,9,2
820.29,11,4,9
820.47,5,3,12
820.65,1,3,4
820.83,7,5,12
821.01,3,7,4
821.19,4,12,6
821.37,0,2,5
821.55,0,3,6
821.73,6,0,10
821.91,7,6,8
822.09,1,0,4
822.27,0,3,0
822.45,4,9,6
822.63,4,6,10
822.81,3,2,7
822.99,4,0,3
823.17,7,2,3
823.35,1,10,9
823.53,7,8,6
823.71,1,9,4
823.89,5,6,10
824.07,6,9,8
824.25,2,6,13
824.43,1,0,7
824.61,0,8,5
824.79,1,7,0
824.97,5,1,2
825.15,2,5,1
825.34,6,1,6
825.52,8,7,9
825.7,6,8,8
825.88,1,8,2
826.06,0,0,6
826.24,2,1,0
826.42,7,8,4
826.61,0,9,3
826.79,7,5,2
826.97,1,0,0
827.15,4,6,4
827.33,5,2,8
827.52,0,3,5
827.7,3,5,1
827.88,2,4,8
828.06,2,5,4
828.25,3,1,5
828.43,5,4,2
828.61,8,2,9
828.79,0,4,7
828.98,0,7,7
829.16,6,0,0
829.34,11,4,4
829.52,1,6,6
829.71,5,9,9
829.89,10,4,8
830.07,2,3,1
830.26,4,6,6
830.44,12,11,2
830.62,8,6,0
830.81,0,3,2
830.99,5,1,4
831.18,5,2,2
831.36,1,6,6
831.54,0,4,0
831.73,5,5,1
831.91,1,3,8
832.1,8,1,2
832.28,5,5,3
832.46,2,4,6
832.65,1,6,11
832.83,6,2,9
833.02,3,4,5
833.2,5,5,8
833.39,1,2,1
833.57,4,5,3
833.76,1,4,3
833.94,8,0,2
834.13,4,9,3
834.31,7,3,6
834.5,10,4,8
834.68,6,9,0
834.87,4,4,1
835.06,4,1,0
835.24,3,5,9
835.43,6,5,5
835.61,11,9,6
835.8,10,6,12
835.98,21,17,6
836.17,86,39,33
836.36,362,166,178
836.54,644,347,346
836.73,580,343,343
836.92,456,266,269
837.1,358,203,195
837.29,239,134,130
837.47,139,70,70
837.66,71,41,39
837.85,44,29,25
838.04,24,14,10
838.22,16,10,12
838.41,10,6,6
838.6,7,4,4
838.78,9,3,5
838.97,4,8,5
839.16,4,3,0
839.35,9,8,6
839.53,9,7,7
839.72,8,0,8
839.91,4,4,8
840.1,8,9,3
840.28,8,10,1
840.47,0,9,6
840.66,9,10,3
840.85,2,6,3
841.04,6,14,7
841.22,5,3,4
841.41,6,4,5
841.6,4,7,5
841.79,10,7,7
841.98,2,4,2
842.17,0,8,2
842.36,6,6,7
842.55,2,6,1
842.73,0,6,1
842.92,7,6,7
843.11,5,6,5
843.3,2,9,8
843.49,4,10,2
843.68,4,6,2
843.87,1,4,7
844.06,5,4,2
844.25,21,17,20
844.44,11,11,6
844.63,16,10,9
844.82,7,2,2
845.01,12,6,5
845.2,5,3,4
845.39,8,6,0
845.58,7,4,0
845.77,8,10,8
845.96,3,1,7
846.15,0,7,4
846.34,3,8,6
846.53,0,6,5
846.72,7,6,1
846.91,3,5,4
847.1,8,3,6
847.29,11,11,3
847.48,4,3,6
847.68,4,10,6
847.87,2,6,4
848.06,0,3,5
848.25,0,3,0
848.44,0,6,7
848.63,2,6,6
848.82,0,2,7
849.02,7,6,6
849.21,5,7,9
849.4,3,3,4
849.59,3,3,4
849.78,3,1,5
849.98,6,10,8
850.17,2,0,7
850.36,5,3,2
850.55,1,2,3
850.74,0,7,0
850.94,5,5,4
851.13,5,7,9
851.32,4,4,0
851.52,7,3,9
851.71,10,8,8
851.9,2,5,7
852.09,6,4,5
852.29,3,6,9
852.48,2,3,5
852.67,4,3,6
852.87,9,0,6
853.06,10,8,14
853.25,2,8,5
853.45,1,2,8
853.64,7,4,6
853.84,5,4,5
854.03,1,5,7
854.22,9,7,3
854.42,5,3,0
854.61,3,0,10
854.81,4,9,3
855,1,7,8
855.19,9,3,7
855.39,6,1,0
855.58,2,10,6
855.78,9,10,6
855.97,7,2,0
856.17,11,4,13
856.36,14,18,13
856.56,12,7,4
856.75,10,11,5
856.95,13,5,10
857.14,22,14,16
857.34,23,16,18
857.53,27,19,19
857.73,107,39,44
857.92,426,199,184
858.12,793,448,429
858.31,749,454,441
858.51,563,338,332
858.71,492,285,274
858.9,444,250,242
859.1,318,169,186
859.29,207,115,104
859.49,120,63,58
859.69,80,39,41
859.88,49,28,27
860.08,46,19,29
860.28,121,45,51
860.47,529,225,222
860.67,1081,580,594
860.87,1114,689,654
861.06,847,485,486
861.26,718,418,404
861.46,657,370,365
861.65,501,270,268
861.85,321,163,164
862.05,184,97,89
862.25,109,53,58
862.44,67,30,32
862.64,35,19,24
862.84,31,17,12
863.04,14,14,15
863.23,10,12,14
863.43,16,5,4
863.63,14,5,7
863.83,7,9,8
864.02,11,15,9
864.22,7,10,7
864.42,9,3,10
864.62,6,8,14
864.82,7,7,6
865.02,7,6,5
865.22,4,7,3
865.41,7,7,5
865.61,13,4,9
865.81,2,0,8
866.01,4,8,5
866.21,2,8,6
866.41,3,3,0
866.61,4,6,1
866.81,0,8,3
867.01,6,6,4
867.21,4,4,5
867.4,1,3,6
867.6,5,5,2
867.8,2,10,10
868,10,5,11
868.2,4,6,8
868.4,5,1,6
868.6,7,4,6
868.8,10,13,5
869,7,12,3
869.2,0,9,5
869.4,6,0,2
869.6,6,4,6
869.81,9,4,5
870.01,4,0,4
870.21,4,3,7
870.41,9,2,2
870.61,5,3,3
870.81,6,6,1
871.01,3,4,1
871.21,0,5,6
871.41,0,2,5
871.61,8,6,5
871.81,7,0,5
872.02,2,6,3
872.22,0,3,4
872.42,6,8,4
872.62,3,7,1
872.82,0,5,2
873.02,0,2,10
873.23,6,10,7
873.43,8,3,4
873.63,8,8,5
873.83,8,12,7
874.03,13,7,11
874.24,10,9,14
874.44,6,3,5
874.64,10,7,4
874.84,7,6,4
875.05,9,7,11
875.25,12,3,9
875.45,13,9,4
875.66,13,13,15
875.86,32,19,12
876.06,146,61,69
876.26,352,182,186
876.47,394,237,242
876.67,306,192,186
876.87,248,157,146
877.08,244,142,136
877.28,228,128,122
877.49,186,105,100
877.69,122,69,67
877.89,71,41,43
878.1,45,22,14
878.3,29,18,21
878.5,20,14,17
878.71,16,14,12
878.91,11,20,11
879.12,6,5,10
879.32,8,9,11
879.53,9,10,5
879.73,9,11,7
879.94,9,5,10
880.14,10,1,5
880.34,7,4,7
880.55,7,4,2
880.75,5,4,2
880.96,9,4,12
881.16,5,6,5
881.37,6,9,4
881.58,3,6,3
881.78,7,1,0
881.99,6,0,3
882.19,6,9,5
882.4,6,4,6
882.6,8,12,6
882.81,0,7,11
883.01,5,4,2
883.22,4,6,0
883.43,7,0,4
883.63,0,1,2
883.84,0,6,11
884.05,1,2,2
884.25,2,7,4
884.46,2,3,6
884.66,5,3,8
884.87,6,4,7
885.08,1,6,7
885.28,9,5,3
885.49,12,1,4
885.7,0,6,1
885.91,6,2,6
886.11,4,3,11
886.32,17,15,16
886.53,2,5,1
886.73,2,3,4
886.94,4,2,6
887.15,4,6,5
887.36,4,5,7
887.56,5,0,12
887.77,2,9,7
887.98,0,3,2
888.19,4,2,4
888.4,7,7,5
888.6,8,8,2
888.81,1,8,1
889.02,6,5,6
889.23,7,9,4
889.44,3,4,7
889.65,5,1,0
889.85,0,5,3
890.06,0,4,6
890.27,2,5,7
890.48,9,2,4
890.69,9,4,4
890.9,4,6,6
891.11,7,7,1
891.32,8,6,4
891.53,5,3,6
891.74,1,4,8
891.95,0,4,3
892.16,3,3,9
892.36,6,2,7
892.57,6,4,6
892.78,3,4,7
892.99,1,4,4
893.2,3,4,2
893.41,7,7,0
893.62,0,5,3
893.83,3,3,4
894.04,7,8,6
894.26,7,10,7
894.47,6,2,7
894.68,1,6,5
894.89,3,2,0
895.1,1,5,6
895.31,19,8,12
895.52,4,0,8
895.73,1,3,4
895.94,4,8,5
896.15,4,10,0
896.36,0,6,0
896.57,0,1,0
896.79,0,2,8
897,6,9,4
897.21,0,2,9
897.42,4,1,0
897.63,6,5,5
897.84,3,10,8
898.06,8,5,5
898.27,6,5,0
898.48,2,3,3
898.69,3,3,3
898.9,1,4,0
899.12,5,1,5
899.33,5,6,0
899.54,2,6,5
899.75,9,2,3
899.97,0,0,6
900.18,2,0,6
900.39,4,2,6
900.6,3,0,3
900.82,0,1,3
901.03,8,1,2
901.24,17,12,11
901.46,47,32,27
901.67,62,43,47
901.88,56,39,33
902.1,51,41,37
902.31,41,19,32
902.52,38,26,20
902.74,42,31,25
902.95,42,29,22
903.16,30,20,21
903.38,24,13,5
903.59,11,8,9
903.81,11,12,5
904.02,4,7,6
904.24,11,4,4
904.45,6,5,8
904.66,5,10,7
904.88,0,0,0
905.09,3,9,9
905.31,5,10,10
905.52,1,5,5
905.74,0,7,4
905.95,2,8,7
906.17,6,7,6
906.38,8,1,3
906.6,6,6,6
906.81,5,3,8
907.03,1,6,3
907.24,1,7,4
907.46,5,2,0
907.67,0,4,7
907.89,9,0,4
908.11,6,0,6
908.32,6,3,6
908.54,2,2,4
908.75,10,13,11
908.97,3,5,10
909.19,0,2,4
909.4,2,2,4
909.62,4,0,6
909.84,6,5,6
910.05,15,10,10
910.27,42,18,19
910.48,66,25,31
910.7,50,31,27
910.92,39,25,25
911.14,34,21,19
911.35,36,18,20
911.57,37,18,21
911.79,25,21,17
912,21,19,20
912.22,24,17,22
912.44,17,12,14
912.66,15,13,14
912.87,10,9,8
913.09,4,10,6
913.31,2,0,4
913.53,0,2,1
913.74,0,4,4
913.96,2,7,3
914.18,0,5,3
914.4,2,12,6
914.62,4,4,2
914.84,4,8,1
915.05,0,1,5
915.27,3,5,6
915.49,5,3,2
915.71,3,4,2
915.93,1,1,6
916.15,4,3,8
916.37,0,9,3
916.58,0,3,4
916.8,5,0,10
917.02,6,6,5
917.24,0,6,3
917.46,0,4,4
917.68,5,8,10
917.9,2,9,7
918.12,3,4,0
918.34,4,6,9
918.56,2,3,8
918.78,4,4,8
919,7,1,4
919.22,4,2,1
919.44,9,3,0
919.66,2,10,9
919.88,3,0,2
920.1,1,4,3
920.32,1,0,4
920.54,0,8,5
920.76,2,6,1
920.98,0,3,3
921.2,0,2,6
921.42,0,6,2
921.64,0,9,5
921.87,7,7,9
922.09,6,5,8
922.31,4,0,6
922.53,0,3,6
922.75,4,1,6
922.97,5,0,5
923.19,2,5,6
923.41,3,0,1
923.64,6,0,4
923.86,10,4,9
924.08,1,4,8
924.3,2,0,7
924.52,0,4,1
924.75,0,5,0
924.97,4,0,5
925.19,7,2,7
925.41,3,3,5
925.63,0,1,10
925.86,1,4,3
926.08,0,4,8
926.3,2,6,6
926.53,0,7,10
926.75,1,5,2
926.97,5,2,9
927.19,5,5,11
927.42,3,6,6
927.64,2,5,6
927.86,0,10,0
928.09,6,3,2
928.31,0,3,0
928.53,5,5,4
928.76,2,5,1
928.98,0,4,4
929.2,2,0,6
929.43,3,3,0
929.65,4,3,2
929.88,8,4,0
930.1,5,9,3
930.32,3,8,10
930.55,3,0,9
930.77,3,0,7
931,1,4,1
931.22,9,2,5
931.45,6,9,12
931.67,4,2,1
931.9,2,1,7
932.12,0,2,2
932.34,4,4,0
932.57,4,2,0
932.79,0,3,0
933.02,4,6,6
933.25,0,6,0
933.47,2,0,4
933.7,5,3,2
933.92,6,2,6
934.15,4,4,6
934.37,5,6,0
934.6,4,6,4
934.82,0,2,1
935.05,1,6,3
935.28,2,7,6
935.5,2,2,2
935.73,0,7,6
935.95,1,3,0
936.18,2,0,0
936.41,0,0,5
936.63,4,8,5
936.86,2,2,2
937.09,2,2,4
937.31,2,1,1
937.54,6,7,7
937.77,5,0,2
937.99,1,5,5
938.22,4,5,5
938.45,3,7,4
938.68,0,3,7
938.9,2,4,4
939.13,2,9,8
939.36,5,3,3
939.58,3,0,3
939.81,3,10,3
940.04,5,5,8
940.27,0,6,5
940.5,6,5,3
940.72,2,0,4
940.95,2,5,9
941.18,0,0,2
941.41,0,6,6
941.64,4,2,4
941.86,4,3,7
942.09,6,6,2
942.32,1,0,0
942.55,0,6,2
942.78,4,4,0
943.01,9,2,6
943.24,10,6,3
943.47,5,7,5
943.69,1,6,12
943.92,0,6,5
944.15,2,0,4
944.38,2,8,12
944.61,3,4,3
944.84,0,7,7
945.07,9,3,8
945.3,3,3,6
945.53,0,3,6
945.76,4,4,6
945.99,2,1,0
946.22,3,1,8
946.45,3,10,6
946.68,8,0,6
946.91,1,3,6
947.14,4,2,5
947.37,0,7,9
947.6,0,7,4
947.83,5,7,4
948.06,2,6,11
948.29,1,4,5
948.52,1,2,6
948.75,4,1,7
948.98,0,2,6
949.22,6,9,5
949.45,1,1,4
949.68,1,1,4
949.91,4,12,6
950.14,0,7,0
950.37,0,7,4
950.6,9,2,9
950.84,5,4,5
951.07,2,4,3
951.3,0,0,7
951.53,5,4,5
951.76,0,1,8
951.99,0,4,8
952.23,5,4,7
952.46,2,2,3
952.69,1,6,6
952.92,2,0,0
953.16,0,3,4
953.39,3,5,6
953.62,8,0,2
953.85,0,5,2
954.09,2,4,8
954.32,0,3,4
954.55,0,8,2
954.79,5,5,2
955.02,4,6,5
955.25,7,8,5
955.48,8,6,5
955.72,0,3,3
955.95,1,2,2
956.18,0,4,5
956.42,0,2,4
956.65,0,6,7
956.89,4,3,8
957.12,2,3,5
957.35,6,1,1
957.59,4,8,3
957.82,4,8,3
958.06,1,2,11
958.29,2,4,7
958.52,1,4,2
958.76,1,0,0
958.99,0,4,8
959.23,3,0,1
959.46,0,7,6
959.7,2,1,3
959.93,0,8,8
960.17,6,9,9
960.4,1,7,10
960.64,4,4,4
960.87,0,3,4
961.11,3,0,7
961.34,0,5,1
961.58,5,4,10
961.81,0,4,5
962.05,1,4,8
962.29,2,7,4
962.52,6,13,11
962.76,7,8,9
962.99,2,4,2
963.23,1,9,3
963.46,1,0,8
963.7,1,5,11
963.94,0,4,8
964.17,5,6,8
964.41,4,1,2
964.65,2,8,6
964.88,4,8,4
965.12,5,1,3
965.36,3,0,5
965.59,1,3,5
965.83,2,5,5
966.07,4,5,5
966.3,5,7,9
966.54,2,2,5
966.78,6,6,3
967.02,3,7,7
967.25,3,10,4
967.49,0,2,3
967.73,4,6,9
967.97,10,7,9
968.2,10,2,1
968.44,3,2,1
968.68,6,7,10
968.92,1,4,0
969.16,0,7,5
969.39,7,1,1
969.63,0,5,4
969.87,4,2,4
970.11,6,6,0
970.35,6,6,0
970.59,3,8,4
970.82,1,5,0
971.06,0,1,0
971.3,4,3,4
971.54,0,6,3
971.78,4,7,7
972.02,5,2,0
972.26,5,9,6
972.5,4,8,6
972.74,3,4,7
972.98,5,0,0
973.22,2,1,5
973.45,6,9,0
973.69,4,9,4
973.93,1,5,1
974.17,7,3,0
974.41,4,5,2
974.65,2,4,5
974.89,1,0,1
975.13,4,5,1
975.37,0,7,0
975.61,5,1,9
975.85,10,9,2
976.1,4,1,9
976.34,0,5,2
976.58,4,7,3
976.82,5,4,10
977.06,5,6,8
977.3,0,0,1
977.54,3,2,6
977.78,2,8,6
978.02,10,4,4
978.26,5,8,1
978.5,2,5,6
978.75,0,2,3
978.99,5,0,3
979.23,2,3,8
979.47,0,7,1
979.71,6,7,4
979.95,6,3,11
980.2,6,4,10
980.44,5,0,6
980.68,0,5,0
980.92,6,6,6
981.16,2,0,5
981.41,6,8,8
981.65,5,2,4
981.89,0,1,6
982.13,9,6,9
982.38,10,12,2
982.62,7,8,6
982.86,0,4,4
983.11,0,3,3
983.35,0,5,7
983.59,8,3,1
983.83,0,8,2
984.08,4,5,5
984.32,3,6,2
984.56,8,1,7
984.81,0,1,10
985.05,0,4,4
985.29,6,3,3
985.54,4,2,4
985.78,2,8,3
986.03,3,3,0
986.27,4,7,6
986.51,3,7,1
986.76,1,4,0
987,6,2,4
987.25,7,7,0
987.49,3,5,4