WL,Data,Data,Data
365.73,0,0,0
365.91,13,5,3
366.09,4,10,9
366.28,7,6,9
366.46,7,12,7
366.64,8,15,9
366.83,7,14,7
367.01,9,13,12
367.19,5,6,14
367.38,0,10,2
367.56,4,9,10
367.74,6,12,11
367.93,8,13,10
368.11,6,9,11
368.29,10,10,8
368.47,4,6,7
368.66,9,7,10
368.84,11,12,6
369.02,5,5,11
369.21,5,8,7
369.39,17,3,6
369.57,10,4,12
369.76,11,12,5
369.94,9,0,9
370.12,19,15,12
370.3,29,28,24
370.49,20,18,14
370.67,12,13,14
370.85,16,9,14
371.04,18,14,11
371.22,9,10,12
371.4,15,14,10
371.58,12,14,13
371.77,22,19,19
371.95,15,12,19
372.13,16,18,16
372.31,19,16,18
372.5,14,9,15
372.68,15,19,21
372.86,23,12,20
373.04,32,24,23
373.23,24,34,21
373.41,32,27,22
373.59,27,31,20
373.77,40,28,30
373.96,41,32,29
374.14,50,41,38
374.32,69,50,47
374.5,77,52,52
374.68,103,73,74
374.87,52,45,51
375.05,19,17,23
375.23,11,16,15
375.41,11,12,11
375.6,14,11,8
375.78,8,7,9
375.96,14,8,12
376.14,13,8,8
376.32,12,7,11
376.5,16,11,18
376.69,14,17,13
376.87,13,12,11
377.05,16,17,10
377.23,19,10,13
377.41,15,15,13
377.6,23,9,15
377.78,15,14,20
377.96,21,19,17
378.14,25,19,23
378.32,31,14,26
378.5,33,24,26
378.69,40,39,47
378.87,41,35,38
379.05,40,40,44
379.23,54,46,33
379.41,63,44,47
379.59,101,70,68
379.77,99,90,91
379.96,35,43,46
380.14,19,11,23
380.32,12,11,2
380.5,12,11,4
380.68,10,7,8
380.86,5,10,3
381.04,8,11,11
381.22,6,10,8
381.41,13,6,12
381.59,8,14,8
381.77,9,12,9
381.95,9,7,13
382.13,10,12,15
382.31,10,11,13
382.49,9,15,4
382.67,11,12,8
382.85,13,8,9
383.03,6,8,9
383.22,9,11,15
383.4,11,14,7
383.58,21,22,25
383.76,15,11,12
383.94,13,14,18
384.12,20,8,17
384.3,18,17,12
384.48,17,16,18
384.66,19,16,19
384.84,23,21,24
385.02,33,24,23
385.2,20,18,13
385.38,14,12,16
385.56,15,13,17
385.74,14,17,14
385.92,14,9,6
386.11,14,6,6
386.29,14,13,11
386.47,15,16,16
386.65,10,13,17
386.83,26,17,21
387.01,21,23,11
387.19,17,18,17
387.37,19,14,24
387.55,26,17,18
387.73,40,26,27
387.91,34,32,34
388.09,26,26,27
388.27,30,26,28
388.45,37,24,23
388.63,45,34,35
388.81,51,42,47
388.99,39,37,37
389.17,21,16,25
389.35,24,19,26
389.53,23,17,23
389.71,27,21,19
389.89,24,29,25
390.07,21,20,21
390.25,25,20,16
390.43,28,21,20
390.6,33,23,24
390.78,60,42,51
390.96,44,44,47
391.14,20,23,22
391.32,12,16,15
391.5,14,10,5
391.68,21,12,13
391.86,22,15,13
392.04,20,20,18
392.22,19,20,19
392.4,27,19,25
392.58,32,27,23
392.76,41,30,23
392.94,37,33,31
393.12,33,30,20
393.3,43,31,29
393.47,56,45,46
393.65,77,61,59
393.83,48,56,49
394.01,23,30,18
394.19,16,11,18
394.37,13,8,15
394.55,14,9,14
394.73,12,11,18
394.91,8,10,15
395.09,15,13,11
395.26,14,12,11
395.44,15,11,8
395.62,11,12,14
395.8,7,11,10
395.98,11,12,16
396.16,17,23,15
396.34,17,12,14
396.52,19,9,17
396.69,17,15,17
396.87,15,16,13
397.05,19,11,19
397.23,18,17,25
397.41,18,19,16
397.59,25,25,16
397.76,22,26,20
397.94,29,27,31
398.12,35,27,22
398.3,35,30,33
398.48,39,37,36
398.66,50,34,34
398.83,51,38,45
399.01,66,55,53
399.19,92,81,75
399.37,68,73,64
399.55,25,29,23
399.73,19,19,21
399.9,10,13,12
400.08,5,6,13
400.26,8,18,11
400.44,12,10,5
400.61,9,9,7
400.79,11,11,9
400.97,6,12,12
401.15,9,14,5
401.33,15,16,16
401.5,5,9,11
401.68,10,10,11
401.86,8,16,12
402.04,12,15,10
402.21,9,10,12
402.39,14,13,15
402.57,12,11,9
402.75,11,11,12
402.92,16,11,13
403.1,8,14,11
403.28,18,9,23
403.46,16,17,12
403.63,19,12,17
403.81,19,16,19
403.99,21,21,20
404.17,31,21,23
404.34,32,29,19
404.52,31,22,23
404.7,29,27,23
404.87,27,28,27
405.05,31,27,26
405.23,58,35,40
405.41,67,56,47
405.58,34,40,37
405.76,17,22,18
405.94,16,8,15
406.11,9,10,16
406.29,13,10,13
406.47,12,8,14
406.64,14,5,12
406.82,15,10,9
407,12,14,13
407.17,11,20,17
407.35,21,15,11
407.53,14,18,15
407.7,16,11,14
407.88,11,16,16
408.06,20,17,15
408.23,29,18,17
408.41,21,17,15
408.59,24,15,19
408.76,28,23,23
408.94,35,33,32
409.12,19,22,22
409.29,13,18,13
409.47,9,14,8
409.64,13,9,12
409.82,7,9,5
410,8,14,8
410.17,17,7,10
410.35,10,8,9
410.52,14,9,14
410.7,15,8,10
410.88,6,8,4
411.05,6,13,10
411.23,13,8,11
411.4,15,8,9
411.58,6,10,15
411.76,16,15,13
411.93,13,17,8
412.11,21,13,18
412.28,19,19,21
412.46,20,24,10
412.63,19,19,18
412.81,20,25,15
412.99,22,18,20
413.16,22,16,20
413.34,28,23,24
413.51,44,25,31
413.69,41,31,41
413.86,23,21,23
414.04,16,19,20
414.21,4,15,9
414.39,12,12,9
414.56,7,13,14
414.74,16,8,10
414.92,13,10,12
415.09,11,11,10
415.27,11,11,7
415.44,10,11,13
415.62,13,10,17
415.79,9,10,11
415.97,13,13,12
416.14,19,11,17
416.32,14,13,18
416.49,14,16,14
416.67,11,19,12
416.84,17,16,15
417.01,21,15,11
417.19,25,15,15
417.36,18,14,19
417.54,21,23,29
417.71,33,27,24
417.89,30,23,23
418.06,27,22,21
418.24,31,20,28
418.41,33,25,21
418.59,33,21,24
418.76,37,23,31
418.94,33,23,31
419.11,36,26,31
419.28,34,28,27
419.46,54,36,44
419.63,59,48,46
419.81,38,33,33
419.98,21,23,17
420.16,14,16,11
420.33,15,19,11
420.5,24,17,15
420.68,16,9,17
420.85,10,16,15
421.03,13,16,16
421.2,15,15,19
421.37,15,7,10
421.55,20,17,7
421.72,18,16,20
421.9,17,21,7
422.07,15,12,10
422.24,14,12,12
422.42,19,15,17
422.59,18,11,13
422.76,17,14,7
422.94,23,16,13
423.11,33,20,19
423.28,27,23,17
423.46,24,13,17
423.63,17,9,9
423.8,13,15,14
423.98,17,14,11
424.15,15,17,14
424.32,18,10,18
424.5,14,6,17
424.67,27,21,25
424.84,24,15,20
425.02,24,23,24
425.19,18,22,19
425.36,33,21,16
425.54,31,17,21
425.71,30,21,25
425.88,28,27,27
426.06,39,28,29
426.23,44,23,33
426.4,46,38,41
426.57,36,37,36
426.75,33,24,24
426.92,15,19,14
427.09,13,14,17
427.27,34,24,27
427.44,32,25,31
427.61,17,17,13
427.78,14,6,11
427.96,13,9,11
428.13,9,11,11
428.3,12,12,11
428.47,9,11,8
428.65,4,12,12
428.82,15,14,13
428.99,11,7,8
429.16,7,7,8
429.34,10,9,10
429.51,9,10,14
429.68,11,9,9
429.85,5,8,7
430.02,9,8,4
430.2,10,9,13
430.37,11,15,7
430.54,9,11,12
430.71,8,13,8
430.88,14,9,4
431.06,19,9,11
431.23,12,8,6
431.4,12,10,14
431.57,13,13,16
431.74,11,15,14
431.92,10,9,14
432.09,10,10,11
432.26,8,13,16
432.43,15,19,11
432.6,17,12,15
432.77,15,17,17
432.94,19,9,15
433.12,20,20,12
433.29,20,18,13
433.46,30,24,28
433.63,27,19,10
433.8,26,19,29
433.97,32,28,34
434.14,24,25,17
434.32,13,12,12
434.49,12,15,14
434.66,19,9,21
434.83,19,12,12
435,29,25,17
435.17,34,21,25
435.34,61,26,16
435.51,52,20,22
435.68,24,19,14
435.85,15,9,4
436.03,11,8,14
436.2,14,9,10
436.37,14,8,13
436.54,13,10,15
436.71,13,6,5
436.88,6,15,9
437.05,9,11,11
437.22,5,10,10
437.39,2,13,12
437.56,10,13,10
437.73,3,6,10
437.9,11,11,9
438.07,7,6,8
438.24,15,14,10
438.41,14,12,9
438.58,6,7,11
438.75,14,8,13
438.92,8,10,13
439.09,15,9,5
439.26,14,14,17
439.43,10,18,17
439.6,13,12,11
439.77,18,6,6
439.94,13,16,12
440.11,18,13,14
440.28,15,14,14
440.45,15,16,12
440.62,24,9,17
440.79,22,21,12
440.96,25,22,25
441.13,26,19,23
441.3,18,13,17
441.47,10,9,15
441.64,10,11,5
441.81,5,9,9
441.98,13,10,8
442.15,11,9,11
442.32,6,13,9
442.49,12,13,8
442.66,15,13,7
442.83,7,13,9
443,10,13,10
443.17,13,5,11
443.33,8,14,10
443.5,13,8,6
443.67,13,7,9
443.84,13,13,11
444.01,10,14,14
444.18,14,11,11
444.35,14,17,6
444.52,11,13,13
444.69,17,9,13
444.86,21,16,14
445.02,12,18,9
445.19,15,12,10
445.36,11,12,7
445.53,15,14,15
445.7,20,7,16
445.87,20,16,19
446.04,17,13,15
446.2,16,15,16
446.37,15,15,6
446.54,18,12,14
446.71,16,13,14
446.88,19,8,11
447.05,9,11,11
447.21,15,13,13
447.38,17,14,11
447.55,19,14,12
447.72,20,18,18
447.89,17,15,18
448.06,25,27,24
448.22,31,19,28
448.39,28,18,21
448.56,13,12,20
448.73,19,15,13
448.9,5,9,12
449.06,10,13,12
449.23,8,16,14
449.4,12,6,15
449.57,10,13,9
449.73,6,4,5
449.9,6,11,12
450.07,11,15,9
450.24,10,8,8
450.4,20,14,8
450.57,10,4,5
450.74,9,14,13
450.91,6,13,11
451.07,13,10,7
451.24,15,5,7
451.41,9,7,4
451.58,14,8,12
451.74,10,13,9
451.91,14,11,5
452.08,11,12,12
452.24,13,13,12
452.41,8,14,5
452.58,12,15,11
452.75,9,11,7
452.91,13,11,12
453.08,7,9,16
453.25,5,12,15
453.41,15,12,12
453.58,13,11,8
453.75,9,9,9
453.91,13,13,14
454.08,9,10,8
454.25,13,11,15
454.41,15,17,8
454.58,13,14,16
454.75,21,12,13
454.91,9,6,9
455.08,9,12,11
455.25,20,8,11
455.41,14,11,17
455.58,19,13,13
455.74,20,15,13
455.91,16,17,7
456.08,17,15,23
456.24,16,12,19
456.41,15,16,15
456.57,23,27,21
456.74,19,16,9
456.91,15,12,13
457.07,5,9,14
457.24,9,5,8
457.4,11,7,12
457.57,8,13,13
457.74,7,8,12
457.9,14,12,11
458.07,7,11,10
458.23,11,5,6
458.4,5,8,15
458.56,12,7,8
458.73,10,13,8
458.89,13,11,9
459.06,13,16,9
459.22,18,12,12
459.39,12,12,13
459.56,8,8,12
459.72,10,5,10
459.89,14,10,7
460.05,9,11,11
460.22,8,12,13
460.38,15,9,9
460.55,6,4,16
460.71,7,11,12
460.88,14,15,14
461.04,9,12,4
461.21,11,11,8
461.37,19,13,11
461.54,7,9,8
461.7,15,10,12
461.86,6,11,16
462.03,15,13,12
462.19,14,14,5
462.36,17,15,12
462.52,13,11,15
462.69,11,10,7
462.85,14,11,15
463.02,8,11,10
463.18,20,12,11
463.35,18,13,10
463.51,19,14,10
463.67,23,18,16
463.84,23,20,18
464,15,16,15
464.17,18,13,17
464.33,17,12,17
464.49,10,19,15
464.66,17,13,17
464.82,13,11,11
464.99,8,11,11
465.15,11,8,5
465.31,17,13,14
465.48,16,2,15
465.64,7,15,9
465.8,12,4,13
465.97,15,9,12
466.13,14,16,12
466.3,9,18,8
466.46,15,10,8
466.62,8,6,5
466.79,8,6,10
466.95,10,8,6
467.11,5,14,7
467.28,8,8,10
467.44,13,6,6
467.6,12,5,8
467.77,4,9,3
467.93,7,17,12
468.09,8,9,11
468.25,10,9,10
468.42,12,10,9
468.58,13,12,13
468.74,14,14,11
468.91,9,10,12
469.07,14,13,4
469.23,16,13,9
469.39,9,11,7
469.56,8,14,9
469.72,9,12,10
469.88,16,12,17
470.05,18,13,9
470.21,13,11,7
470.37,12,10,10
470.53,11,11,4
470.69,12,11,8
470.86,12,17,17
471.02,13,14,10
471.18,12,19,13
471.34,8,15,11
471.51,10,15,14
471.67,7,3,11
471.83,12,4,5
471.99,1,6,13
472.15,13,6,4
472.32,12,8,11
472.48,13,10,11
472.64,15,10,10
472.8,10,12,16
472.96,15,7,12
473.13,7,10,7
473.29,11,12,9
473.45,18,13,9
473.61,12,17,17
473.77,4,11,12
473.93,11,13,9
474.09,11,12,12
474.26,6,13,19
474.42,12,10,16
474.58,14,10,11
474.74,9,9,11
474.9,10,4,16
475.06,9,13,9
475.22,11,11,11
475.38,13,12,8
475.55,13,15,7
475.71,11,11,9
475.87,11,12,12
476.03,11,8,16
476.19,11,12,11
476.35,8,11,15
476.51,7,5,9
476.67,10,10,9
476.83,11,8,6
476.99,18,8,13
477.15,12,10,13
477.31,12,9,16
477.47,8,20,8
477.64,9,11,5
477.8,9,12,5
477.96,13,8,5
478.12,12,12,0
478.28,14,12,3
478.44,11,10,1
478.6,8,9,12
478.76,11,7,15
478.92,3,12,4
479.08,16,13,7
479.24,11,16,14
479.4,14,15,24
479.56,7,20,16
479.72,14,13,14
479.88,13,14,10
480.04,12,13,14
480.2,10,10,16
480.36,10,5,9
480.52,14,4,10
480.68,10,8,11
480.84,13,14,7
480.99,8,16,12
481.15,14,9,10
481.31,17,10,17
481.47,10,10,5
481.63,7,11,11
481.79,11,8,6
481.95,16,15,11
482.11,15,12,4
482.27,14,13,10
482.43,14,14,13
482.59,15,10,7
482.75,17,8,9
482.91,10,10,5
483.06,14,15,13
483.22,15,11,10
483.38,10,7,8
483.54,13,5,9
483.7,14,12,6
483.86,14,17,9
484.02,14,9,13
484.18,15,15,9
484.33,11,11,5
484.49,18,16,17
484.65,37,39,37
484.81,22,10,11
484.97,15,10,9
485.13,21,14,17
485.28,16,11,11
485.44,21,14,14
485.6,20,12,14
485.76,21,14,7
485.92,18,8,8
486.08,15,9,13
486.23,16,17,14
486.39,13,13,11
486.55,14,15,13
486.71,19,14,12
486.87,18,11,10
487.02,21,11,15
487.18,23,15,16
487.34,26,11,22
487.5,22,6,16
487.65,18,13,15
487.81,21,12,13
487.97,22,12,9
488.13,20,16,19
488.28,28,13,12
488.44,20,15,13
488.6,17,23,14
488.76,14,17,14
488.91,20,21,18
489.07,30,17,13
489.23,18,16,22
489.38,23,19,15
489.54,21,22,21
489.7,17,16,20
489.85,16,13,17
490.01,32,16,18
490.17,20,16,11
490.33,19,18,13
490.48,22,17,20
490.64,20,18,10
490.8,14,19,18
490.95,23,15,17
491.11,15,14,17
491.27,18,14,13
491.42,17,10,15
491.58,16,18,15
491.73,11,16,10
491.89,10,13,12
492.05,12,12,7
492.2,12,15,11
492.36,13,14,19
492.52,18,11,12
492.67,11,17,11
492.83,12,7,17
492.98,10,13,14
493.14,12,5,11
493.3,15,12,9
493.45,10,6,8
493.61,14,10,8
493.76,20,17,12
493.92,16,9,9
494.07,8,14,14
494.23,15,11,9
494.39,14,8,9
494.54,17,16,4
494.7,13,14,13
494.85,9,10,17
495.01,15,9,7
495.16,5,12,13
495.32,17,11,16
495.47,10,18,11
495.63,12,9,13
495.78,15,12,5
495.94,13,9,5
496.09,15,8,11
496.25,15,12,15
496.4,16,11,19
496.56,15,10,13
496.71,10,10,12
496.87,12,7,17
497.02,11,7,9
497.18,11,14,12
497.33,18,8,3
497.49,17,9,11
497.64,17,13,16
497.8,11,10,8
497.95,11,16,9
498.1,13,12,9
498.26,18,15,13
498.41,13,11,13
498.57,11,14,11
498.72,17,10,9
498.88,20,15,15
499.03,20,16,12
499.18,23,26,19
499.34,11,11,15
499.49,17,14,12
499.65,11,12,16
499.8,18,16,21
499.95,12,22,15
500.11,12,12,17
500.26,15,12,16
500.42,17,15,13
500.57,23,16,16
500.72,19,21,12
500.88,17,14,8
501.03,12,16,17
501.18,17,13,14
501.34,19,19,15
501.49,20,18,14
501.64,17,19,22
501.8,19,10,18
501.95,20,19,13
502.1,20,21,16
502.26,16,22,17
502.41,15,9,21
502.56,20,20,16
502.71,18,19,15
502.87,21,15,7
503.02,14,12,21
503.17,16,20,18
503.33,21,14,13
503.48,22,19,16
503.63,17,17,9
503.78,12,13,14
503.94,23,12,15
504.09,16,11,17
504.24,22,15,17
504.39,15,21,11
504.55,18,12,23
504.7,15,11,17
504.85,16,18,17
505,22,15,17
505.15,21,19,14
505.31,11,7,19
505.46,16,16,17
505.61,15,10,10
505.76,17,16,14
505.91,22,15,10
506.07,10,16,14
506.22,17,13,12
506.37,13,15,7
506.52,14,15,17
506.67,21,22,20
506.83,19,8,16
506.98,13,9,10
507.13,16,8,8
507.28,9,15,17
507.43,10,15,14
507.58,19,13,17
507.73,17,14,15
507.88,13,14,18
508.04,16,15,19
508.19,16,13,12
508.34,19,15,18
508.49,11,12,11
508.64,16,14,14
508.79,14,15,17
508.94,9,14,13
509.09,16,10,13
509.24,14,14,12
509.39,13,15,14
509.55,11,13,12
509.7,19,21,17
509.85,19,14,18
510,16,18,19
510.15,18,12,14
510.3,16,18,17
510.45,19,13,17
510.6,20,20,20
510.75,23,16,26
510.9,19,18,20
511.05,23,17,21
511.2,23,17,19
511.35,16,21,20
511.5,17,15,16
511.65,25,12,19
511.8,22,20,27
511.95,20,17,18
512.1,17,19,21
512.25,21,16,20
512.4,27,21,21
512.55,21,20,27
512.7,24,18,21
512.85,26,26,23
513,27,21,20
513.15,35,29,20
513.3,28,25,29
513.45,33,23,22
513.59,31,25,25
513.74,32,20,25
513.89,26,17,32
514.04,29,28,27
514.19,30,25,30
514.34,25,32,33
514.49,39,20,24
514.64,37,30,32
514.79,30,26,26
514.94,36,27,30
515.09,43,28,29
515.23,39,28,29
515.38,27,18,25
515.53,29,27,25
515.68,31,27,26
515.83,29,35,24
515.98,26,23,20
516.13,34,28,24
516.27,29,28,21
516.42,32,29,25
516.57,31,18,20
516.72,25,24,26
516.87,27,27,29
517.01,25,29,29
517.16,32,29,27
517.31,33,32,28
517.46,31,32,38
517.61,32,26,28
517.75,39,30,33
517.9,37,31,34
518.05,29,25,22
518.2,21,19,22
518.35,18,20,15
518.49,22,12,13
518.64,26,21,21
518.79,25,29,23
518.94,26,18,16
519.08,17,16,10
519.23,21,18,11
519.38,12,21,18
519.52,21,10,9
519.67,10,9,16
519.82,16,18,19
519.97,24,11,17
520.11,14,17,17
520.26,10,11,17
520.41,16,12,18
520.55,22,20,14
520.7,21,16,20
520.85,20,16,16
520.99,11,11,18
521.14,11,5,10
521.29,11,16,13
521.43,13,12,14
521.58,14,14,18
521.73,11,13,10
521.87,10,10,12
522.02,9,12,13
522.17,13,12,9
522.31,10,11,7
522.46,11,9,16
522.6,13,10,11
522.75,7,14,14
522.9,16,14,6
523.04,17,18,19
523.19,14,8,14
523.33,11,14,15
523.48,21,16,19
523.63,19,17,19
523.77,15,11,17
523.92,17,9,12
524.06,18,15,11
524.21,15,10,12
524.35,15,13,12
524.5,13,9,10
524.64,16,9,11
524.79,15,14,18
524.94,12,10,10
525.08,8,10,9
525.23,11,13,15
525.37,13,5,20
525.52,16,10,11
525.66,16,7,5
525.81,22,19,12
525.95,15,16,7
526.1,15,11,13
526.24,16,16,13
526.39,19,13,12
526.53,20,12,15
526.67,23,9,18
526.82,20,11,13
526.96,15,20,21
527.11,19,11,21
527.25,12,12,14
527.4,17,6,12
527.54,15,11,15
527.69,15,13,7
527.83,13,11,15
527.97,8,10,16
528.12,21,13,20
528.26,16,18,9
528.41,15,18,17
528.55,15,11,14
528.69,17,16,16
528.84,29,14,15
528.98,20,11,15
529.12,25,13,16
529.27,18,19,20
529.41,24,17,23
529.56,27,19,19
529.7,24,21,17
529.84,30,26,25
529.99,25,29,31
530.13,39,35,31
530.27,37,33,31
530.42,36,34,35
530.56,38,36,34
530.7,48,40,43
530.85,40,32,30
530.99,45,31,39
531.13,39,35,32
531.27,45,37,37
531.42,52,33,40
531.56,35,34,26
531.7,54,32,40
531.85,45,43,44
531.99,53,37,52
532.13,49,42,40
532.27,60,43,43
532.42,64,45,53
532.56,54,43,40
532.7,47,37,43
532.84,44,30,33
532.98,50,40,39
533.13,53,44,37
533.27,59,45,39
533.41,50,43,45
533.55,60,43,47
533.69,59,49,41
533.84,66,45,51
533.98,49,43,38
534.12,48,41,43
534.26,58,42,42
534.4,58,39,40
534.55,55,44,41
534.69,64,40,44
534.83,61,49,46
534.97,67,43,48
535.11,66,44,55
535.25,57,47,47
535.39,68,49,51
535.54,80,56,55
535.68,59,41,41
535.82,62,38,45
535.96,57,36,39
536.1,53,35,35
536.24,56,38,38
536.38,66,37,49
536.52,68,42,44
536.66,71,47,43
536.8,74,48,44
536.94,89,46,47
537.09,83,48,48
537.23,87,42,38
537.37,72,38,43
537.51,81,43,37
537.65,74,50,45
537.79,78,45,43
537.93,82,40,52
538.07,84,51,43
538.21,94,55,47
538.35,90,45,43
538.49,81,46,41
538.63,85,53,54
538.77,83,49,54
538.91,75,40,41
539.05,75,30,39
539.19,63,36,36
539.33,68,34,32
539.47,64,36,40
539.61,61,37,34
539.75,63,45,41
539.89,70,33,37
540.02,68,44,45
540.16,75,44,45
540.3,99,45,51
540.44,103,47,51
540.58,79,44,46
540.72,66,40,38
540.86,61,39,39
541,53,38,43
541.14,55,38,40
541.28,52,38,30
541.42,53,40,34
541.56,50,35,41
541.69,51,35,42
541.83,68,51,49
541.97,61,45,43
542.11,48,31,33
542.25,43,32,29
542.39,41,33,29
542.53,37,32,28
542.66,46,28,30
542.8,44,27,30
542.94,35,28,33
543.08,41,25,30
543.22,48,33,35
543.35,44,30,29
543.49,49,28,36
543.63,47,38,30
543.77,48,32,29
543.91,43,28,34
544.04,44,25,25
544.18,40,27,24
544.32,50,22,29
544.46,52,29,30
544.59,51,32,34
544.73,46,34,35
544.87,37,30,27
545.01,39,30,33
545.14,52,40,42
545.28,52,34,37
545.42,44,33,32
545.56,38,31,35
545.69,42,41,36
545.83,40,32,24
545.97,37,23,29
546.1,47,34,34
546.24,40,33,35
546.38,29,29,28
546.51,30,23,23
546.65,33,21,26
546.79,35,27,14
546.92,30,21,16
547.06,24,19,17
547.2,24,21,23
547.33,24,19,21
547.47,25,19,18
547.61,34,18,25
547.74,24,22,22
547.88,24,17,26
548.01,31,30,25
548.15,18,23,20
548.29,25,13,21
548.42,29,29,25
548.56,32,23,27
548.69,31,24,15
548.83,23,18,23
548.97,22,17,24
549.1,17,9,23
549.24,22,20,17
549.37,26,20,22
549.51,21,19,19
549.64,18,20,17
549.78,26,22,24
549.91,28,18,17
550.05,28,24,20
550.18,27,19,26
550.32,21,19,23
550.45,21,14,18
550.59,14,18,18
550.72,23,15,17
550.86,18,18,14
550.99,13,14,20
551.13,23,17,13
551.26,23,16,14
551.4,17,21,15
551.53,21,21,17
551.67,12,18,14
551.8,21,20,17
551.94,29,16,21
552.07,29,20,18
552.2,20,20,18
552.34,20,18,12
552.47,18,14,19
552.61,15,21,14
552.74,15,18,9
552.88,15,10,16
553.01,15,14,20
553.14,21,15,16
553.28,23,13,11
553.41,15,9,17
553.54,9,11,5
553.68,11,13,17
553.81,15,10,13
553.95,14,17,18
554.08,21,16,19
554.21,17,16,12
554.35,16,10,13
554.48,9,13,4
554.61,10,19,14
554.74,17,12,13
554.88,8,16,13
555.01,8,12,11
555.14,3,8,5
555.28,17,15,9
555.41,14,13,16
555.54,19,8,16
555.68,18,14,15
555.81,13,12,14
555.94,12,14,20
556.07,14,14,8
556.21,11,12,10
556.34,11,7,12
556.47,14,13,7
556.6,8,12,14
556.74,18,11,8
556.87,12,20,13
557,8,10,13
557.13,15,10,12
557.26,14,15,10
557.4,14,13,13
557.53,13,18,12
557.66,20,10,11
557.79,17,21,17
557.92,20,9,12
558.05,21,12,13
558.19,13,16,12
558.32,15,11,13
558.45,9,14,17
558.58,14,11,8
558.71,7,18,10
558.84,11,4,11
558.97,12,7,10
559.11,14,11,14
559.24,14,6,12
559.37,7,15,11
559.5,11,18,3
559.63,12,12,13
559.76,13,12,11
559.89,18,18,19
560.02,13,12,19
560.15,13,8,11
560.28,25,14,10
560.41,12,13,13
560.54,15,9,10
560.67,15,12,18
560.81,17,8,19
560.94,15,13,15
561.07,11,12,17
561.2,15,10,15
561.33,11,20,18
561.46,21,17,19
561.59,25,18,8
561.72,29,18,19
561.85,31,23,19
561.98,31,23,16
562.11,15,20,27
562.24,29,26,27
562.37,30,23,21
562.49,33,27,24
562.62,39,32,25
562.75,33,26,33
562.88,45,37,38
563.01,49,37,43
563.14,53,43,40
563.27,53,46,45
563.4,61,56,57
563.53,79,56,65
563.66,87,64,69
563.79,85,71,69
563.92,86,73,78
564.05,103,71,80
564.17,99,77,76
564.3,90,72,73
564.43,81,69,67
564.56,85,65,65
564.69,96,69,76
564.82,92,72,77
564.95,95,75,71
565.07,89,75,77
565.2,106,77,79
565.33,107,91,97
565.46,99,96,94
565.59,98,75,80
565.71,88,75,75
565.84,106,90,94
565.97,124,96,96
566.1,112,77,93
566.23,82,69,59
566.35,65,58,59
566.48,70,49,52
566.61,68,53,58
566.74,80,51,58
566.86,78,68,56
566.99,74,62,60
567.12,91,63,69
567.25,87,69,65
567.37,91,74,66
567.5,101,70,80
567.63,107,83,93
567.75,124,102,98
567.88,137,108,113
568.01,135,102,114
568.14,145,116,110
568.26,162,126,132
568.39,143,109,115
568.52,136,110,108
568.64,126,109,94
568.77,133,108,101
568.9,136,102,109
569.02,154,116,111
569.15,152,102,115
569.27,150,108,120
569.4,164,128,120
569.53,179,130,144
569.65,153,123,126
569.78,129,103,107
569.91,141,103,109
570.03,188,137,151
570.16,182,147,149
570.28,140,106,111
570.41,98,74,78
570.53,85,64,64
570.66,83,60,62
570.79,89,69,66
570.91,93,63,71
571.04,83,65,71
571.16,95,70,75
571.29,91,65,72
571.41,92,73,70
571.54,91,75,77
571.66,107,73,78
571.79,120,81,90
571.91,125,94,94
572.04,129,99,102
572.16,130,105,110
572.29,140,108,113
572.41,157,125,128
572.54,148,115,126
572.66,134,100,113
572.79,127,99,99
572.91,133,101,99
573.03,138,93,104
573.16,138,103,111
573.28,139,101,110
573.41,141,115,114
573.53,148,121,112
573.66,163,133,132
573.78,151,121,126
573.9,134,101,109
574.03,125,92,92
574.15,148,102,107
574.27,174,125,136
574.4,149,126,123
574.52,116,89,88
574.65,92,70,65
574.77,81,55,59
574.89,79,56,55
575.02,78,61,56
575.14,78,63,63
575.26,87,62,66
575.39,89,61,74
575.51,83,69,64
575.63,85,59,65
575.75,92,62,78
575.88,96,68,72
576,110,83,80
576.12,122,83,84
576.25,124,87,98
576.37,127,95,102
576.49,123,94,98
576.61,146,105,109
576.74,137,110,116
576.86,136,98,102
576.98,123,89,88
577.1,109,85,96
577.23,115,95,90
577.35,113,97,96
577.47,121,96,93
577.59,120,98,97
577.71,127,94,103
577.84,140,106,106
577.96,142,119,130
578.08,135,103,108
578.2,108,93,97
578.32,116,89,93
578.44,142,106,108
578.57,153,112,128
578.69,129,94,103
578.81,91,78,76
578.93,74,62,59
579.05,64,46,53
579.17,60,49,48
579.29,64,54,48
579.41,69,56,56
579.54,73,52,58
579.66,72,55,60
579.78,79,60,54
579.9,70,51,58
580.02,76,55,58
580.14,85,66,67
580.26,94,72,69
580.38,95,77,75
580.5,102,80,83
580.62,109,80,88
580.74,113,81,91
580.86,126,92,89
580.98,130,98,102
581.1,121,92,95
581.22,111,80,91
581.34,102,74,85
581.46,96,80,80
581.58,103,85,76
581.7,101,81,88
581.82,100,84,88
581.94,106,85,97
582.06,108,91,89
582.18,121,98,96
582.3,135,100,103
582.42,118,96,90
582.54,97,77,91
582.66,98,80,85
582.78,116,102,99
582.9,140,109,111
583.02,113,97,87
583.13,85,64,67
583.25,56,49,47
583.37,48,43,38
583.49,56,41,49
583.61,53,43,45
583.73,51,45,52
583.85,59,48,42
583.97,57,43,49
584.08,59,50,51
584.2,61,46,46
584.32,57,43,50
584.44,60,49,47
584.56,69,56,50
584.68,73,62,58
584.79,77,67,59
584.91,80,62,64
585.03,87,63,65
585.15,86,68,67
585.27,94,70,69
585.38,99,80,80
585.5,98,72,73
585.62,87,74,71
585.74,79,64,68
585.85,83,68,69
585.97,87,63,64
586.09,84,65,71
586.21,94,64,70
586.32,89,67,71
586.44,96,77,69
586.56,103,80,82
586.67,104,84,82
586.79,94,74,76
586.91,84,66,63
587.03,75,62,63
587.14,95,76,78
587.26,115,91,82
587.38,93,76,74
587.49,75,64,56
587.61,56,47,45
587.72,54,43,42
587.84,41,32,37
587.96,41,40,37
588.07,55,40,37
588.19,57,46,44
588.31,53,47,46
588.42,52,41,42
588.54,60,46,47
588.65,53,41,44
588.77,52,55,49
588.89,66,43,47
589,63,45,51
589.12,71,53,50
589.23,76,63,62
589.35,71,66,58
589.46,79,59,59
589.58,80,59,66
589.69,90,75,76
589.81,101,72,76
589.92,86,68,71
590.04,79,64,70
590.15,75,64,70
590.27,87,64,70
590.38,77,65,66
590.5,84,59,56
590.61,78,66,61
590.73,83,72,64
590.84,72,65,70
590.96,93,74,75
591.07,101,76,76
591.19,93,76,77
591.3,79,71,67
591.41,70,56,58
591.53,78,62,70
591.64,110,76,87
591.76,94,75,81
591.87,77,67,66
591.98,54,45,53
592.1,47,39,41
592.21,43,37,36
592.33,47,31,32
592.44,35,30,34
592.55,42,36,28
592.67,43,33,31
592.78,44,36,30
592.89,41,35,37
593.01,39,34,33
593.12,41,32,34
593.23,32,35,30
593.35,33,33,32
593.46,42,34,31
593.57,45,32,36
593.69,46,35,32
593.8,45,45,36
593.91,49,36,40
594.02,51,45,40
594.14,51,39,42
594.25,59,44,41
594.36,63,44,50
594.47,57,35,44
594.59,57,40,42
594.7,66,45,36
594.81,78,47,44
594.92,86,48,49
595.03,101,54,47
595.15,112,53,54
595.26,118,58,50
595.37,107,56,53
595.48,102,49,59
595.59,93,48,57
595.71,91,48,57
595.82,74,44,40
595.93,60,43,42
596.04,73,47,50
596.15,77,47,54
596.26,75,52,52
596.37,64,46,47
596.49,56,37,34
596.6,42,31,23
596.71,38,29,27
596.82,35,27,32
596.93,42,25,26
597.04,42,31,29
597.15,34,32,28
597.26,44,25,29
597.37,44,21,28
597.48,43,23,30
597.59,40,28,30
597.7,33,28,24
597.81,43,27,29
597.92,42,30,31
598.03,40,24,24
598.14,46,36,31
598.25,41,29,29
598.36,49,32,29
598.47,44,33,36
598.58,40,28,33
598.69,40,35,44
598.8,52,35,33
598.91,47,39,27
599.02,40,27,33
599.13,40,25,27
599.24,42,27,33
599.35,52,28,29
599.46,43,31,34
599.57,35,26,25
599.68,37,35,35
599.79,51,38,41
599.9,45,37,39
600.01,37,31,30
600.11,38,33,31
600.22,36,34,30
600.33,43,38,34
600.44,45,35,27
600.55,47,39,39
600.66,41,33,31
600.77,43,35,34
600.87,35,27,30
600.98,29,24,30
601.09,26,24,19
601.2,30,24,30
601.31,29,21,28
601.42,30,21,26
601.52,34,28,23
601.63,37,27,18
601.74,30,23,21
601.85,31,25,25
601.95,25,30,31
602.06,31,25,24
602.17,28,27,27
602.28,32,26,30
602.38,40,37,34
602.49,39,31,27
602.6,46,29,33
602.71,45,33,31
602.81,53,42,29
602.92,51,39,37
603.03,52,40,38
603.13,54,45,46
603.24,56,49,51
603.35,60,45,54
603.45,55,50,51
603.56,63,51,52
603.67,67,54,45
603.77,61,51,51
603.88,61,45,47
603.99,61,50,52
604.09,62,43,46
604.2,60,45,47
604.31,64,43,49
604.41,57,53,51
604.52,68,53,55
604.62,66,48,44
604.73,65,51,53
604.83,63,51,49
604.94,81,51,53
605.05,72,51,49
605.15,58,52,52
605.26,64,52,51
605.36,61,51,46
605.47,58,47,46
605.57,71,44,53
605.68,78,54,57
605.78,53,48,49
605.89,48,41,41
605.99,52,36,36
606.1,41,34,34
606.2,37,25,34
606.31,37,29,33
606.41,31,29,25
606.52,30,25,27
606.62,34,30,30
606.73,34,25,35
606.83,34,27,34
606.93,31,33,32
607.04,44,36,39
607.14,38,33,36
607.25,43,38,31
607.35,39,26,28
607.45,40,34,36
607.56,40,39,32
607.66,44,37,41
607.77,49,41,36
607.87,54,38,43
607.97,59,38,45
608.08,59,46,46
608.18,61,54,50
608.28,71,59,61
608.39,79,67,56
608.49,74,60,69
608.59,79,59,63
608.7,89,66,78
608.8,99,70,74
608.9,97,75,74
609.01,86,65,71
609.11,77,66,72
609.21,81,59,60
609.31,82,63,64
609.42,90,66,65
609.52,79,65,72
609.62,89,75,73
609.72,94,75,78
609.83,89,65,67
609.93,92,72,73
610.03,95,79,82
610.13,109,79,81
610.23,99,74,78
610.34,89,69,74
610.44,85,70,71
610.54,89,73,66
610.64,98,78,72
610.74,97,78,80
610.84,90,65,74
610.95,77,63,60
611.05,70,54,54
611.15,62,49,45
611.25,57,38,40
611.35,47,33,34
611.45,47,42,40
611.55,47,31,34
611.65,45,34,37
611.76,45,40,40
611.86,43,36,39
611.96,44,37,37
612.06,33,30,40
612.16,43,35,32
612.26,45,30,32
612.36,37,33,35
612.46,49,31,32
612.56,47,38,44
612.66,52,45,50
612.76,54,47,46
612.86,67,51,48
612.96,65,49,55
613.06,63,49,50
613.16,76,56,63
613.26,78,63,62
613.36,86,71,71
613.46,91,71,75
613.56,95,69,80
613.66,98,75,87
613.76,94,81,82
613.86,105,85,85
613.96,106,90,86
614.06,115,91,85
614.15,100,83,81
614.25,94,78,88
614.35,98,81,75
614.45,83,70,77
614.55,94,77,78
614.65,101,82,75
614.75,98,80,86
614.85,105,79,83
614.94,97,83,85
615.04,99,89,88
615.14,117,91,93
615.24,120,94,102
615.34,111,82,84
615.44,103,79,73
615.53,93,81,76
615.63,98,78,82
615.73,112,85,88
615.83,118,91,97
615.93,108,94,92
616.02,83,75,75
616.12,79,60,65
616.22,74,57,55
616.32,61,58,55
616.41,58,46,51
616.51,58,49,51
616.61,55,42,44
616.71,48,46,37
616.8,51,53,53
616.9,56,39,44
617,55,32,41
617.09,48,37,38
617.19,39,41,41
617.29,40,40,38
617.38,45,40,43
617.48,50,35,37
617.58,52,42,38
617.67,52,51,47
617.77,60,48,49
617.87,65,51,52
617.96,63,47,53
618.06,65,53,60
618.15,81,62,60
618.25,94,62,68
618.35,87,65,69
618.44,97,81,88
618.54,110,84,83
618.63,117,99,93
618.73,120,99,107
618.82,118,97,104
618.92,135,105,108
619.02,134,100,109
619.11,142,114,114
619.21,145,103,109
619.3,128,99,100
619.4,125,94,102
619.49,125,99,106
619.59,127,97,95
619.68,126,95,99
619.78,125,102,108
619.87,131,106,105
619.96,138,109,111
620.06,129,95,110
620.15,132,119,109
620.25,146,118,121
620.34,154,124,119
620.44,147,121,121
620.53,137,96,103
620.62,115,98,103
620.72,123,94,98
620.81,136,105,105
620.91,146,123,126
621,155,111,129
621.09,135,107,105
621.19,107,80,89
621.28,94,76,82
621.37,90,68,71
621.47,82,67,61
621.56,72,59,62
621.65,70,59,57
621.75,61,48,51
621.84,60,51,53
621.93,61,54,51
622.03,55,55,56
622.12,58,42,45
622.21,56,43,44
622.31,56,39,38
622.4,52,44,49
622.49,45,43,41
622.58,58,44,38
622.68,54,45,49
622.77,59,47,52
622.86,63,50,55
622.95,64,53,58
623.04,73,55,59
623.14,81,62,69
623.23,85,69,67
623.32,87,74,70
623.41,98,80,78
623.5,104,82,88
623.6,114,88,92
623.69,129,101,101
623.78,135,106,117
623.87,139,110,116
623.96,145,113,118
624.05,143,112,118
624.14,161,126,132
624.23,163,129,132
624.33,157,125,123
624.42,148,111,120
624.51,144,111,112
624.6,143,106,109
624.69,146,111,113
624.78,141,105,125
624.87,143,112,124
624.96,151,123,121
625.05,155,111,126
625.14,150,113,121
625.23,148,123,117
625.32,156,129,131
625.41,172,137,145
625.5,183,137,139
625.59,172,127,123
625.68,146,105,114
625.77,129,109,114
625.86,145,122,121
625.95,155,122,134
626.04,177,136,135
626.13,176,137,138
626.22,143,122,116
626.31,133,109,112
626.4,108,90,93
626.49,103,81,83
626.58,100,84,87
626.67,87,75,69
626.75,80,70,62
626.84,78,66,68
626.93,69,57,62
627.02,71,60,70
627.11,76,59,57
627.2,69,59,56
627.29,57,58,55
627.37,74,50,58
627.46,71,55,52
627.55,72,56,65
627.64,63,58,61
627.73,62,55,51
627.82,74,59,65
627.9,90,71,71
627.99,91,73,68
628.08,84,64,71
628.17,102,77,76
628.25,108,92,100
628.34,112,96,94
628.43,120,108,105
628.52,131,99,115
628.6,141,106,115
628.69,162,122,126
628.78,175,138,143
628.87,187,137,139
628.95,184,146,149
629.04,185,142,153
629.13,198,152,158
629.21,218,178,169
629.3,234,174,179
629.39,224,176,192
629.47,207,154,167
629.56,200,161,159
629.65,198,158,166
629.73,194,158,158
629.82,205,155,164
629.9,200,161,159
629.99,207,167,161
630.08,204,171,174
630.16,208,165,171
630.25,207,157,158
630.33,202,169,177
630.42,228,184,182
630.5,237,188,193
630.59,245,187,191
630.68,217,174,171
630.76,200,159,170
630.85,195,161,151
630.93,195,162,154
631.02,213,175,169
631.1,245,194,204
631.19,250,195,192
631.27,214,164,159
631.36,170,131,134
631.44,152,129,120
631.52,146,121,120
631.61,139,109,113
631.69,118,98,105
631.78,107,90,83
631.86,98,80,83
631.95,84,75,80
632.03,94,70,74
632.11,92,77,68
632.2,87,74,70
632.28,85,70,72
632.37,76,69,74
632.45,71,65,55
632.53,79,55,62
632.62,73,60,52
632.7,73,59,54
632.78,72,58,60
632.87,74,64,60
632.95,81,71,61
633.03,90,67,72
633.12,82,73,74
633.2,81,69,71
633.28,89,75,80
633.37,101,85,82
633.45,116,87,91
633.53,117,93,99
633.61,120,104,107
633.7,131,109,114
633.78,138,113,111
633.86,147,121,120
633.94,161,128,136
634.03,166,123,127
634.11,170,132,132
634.19,168,135,137
634.27,182,145,147
634.35,189,161,153
634.44,190,157,145
634.52,182,142,140
634.6,173,135,138
634.68,162,126,136
634.76,170,128,139
634.84,161,132,138
634.92,168,137,136
635.01,169,133,128
635.09,171,137,138
635.17,173,144,140
635.25,177,142,138
635.33,174,132,135
635.41,175,141,145
635.49,193,155,160
635.57,197,154,156
635.65,190,147,154
635.73,180,130,135
635.81,169,123,133
635.89,151,119,124
635.97,157,134,145
636.05,173,146,143
636.13,204,156,157
636.21,204,158,150
636.29,164,124,122
636.37,140,104,111
636.45,120,100,100
636.53,113,95,87
636.61,108,100,84
636.69,98,84,79
636.77,89,68,74
636.85,84,69,71
636.93,84,58,58
637.01,77,64,61
637.09,73,59,57
637.17,70,60,62
637.25,74,63,60
637.33,70,49,64
637.41,64,56,53
637.48,71,49,50
637.56,68,55,60
637.64,67,57,49
637.72,70,53,52
637.8,61,59,51
637.88,71,56,61
637.95,65,56,54
638.03,72,56,56
638.11,73,68,53
638.19,73,63,70
638.27,89,75,79
638.34,99,87,80
638.42,120,97,92
638.5,114,91,89
638.58,108,88,91
638.66,99,81,87
638.73,102,86,83
638.81,108,85,94
638.89,112,86,88
638.96,109,83,93
639.04,114,93,90
639.12,110,84,84
639.2,100,83,84
639.27,103,94,92
639.35,109,96,93
639.43,117,86,78
639.5,98,81,81
639.58,93,81,85
639.66,95,80,86
639.73,91,78,71
639.81,96,86,69
639.88,96,80,75
639.96,95,75,80
640.04,97,77,83
640.11,99,81,76
640.19,99,81,79
640.26,95,78,75
640.34,96,76,80
640.42,94,81,87
640.49,106,83,89
640.57,116,91,84
640.64,111,87,79
640.72,91,70,83
640.79,97,71,74
640.87,86,74,70
640.94,85,76,73
641.02,101,88,94
641.09,109,93,88
641.17,110,82,78
641.24,89,68,71
641.32,72,60,62
641.39,68,50,57
641.47,60,47,46
641.54,62,46,51
641.61,55,45,47
641.69,48,39,41
641.76,54,36,36
641.84,45,43,42
641.91,38,30,30
641.98,38,33,31
642.06,32,33,33
642.13,29,33,28
642.2,33,36,27
642.28,30,25,18
642.35,33,20,25
642.43,29,26,20
642.5,20,13,25
642.57,27,20,21
642.64,18,15,18
642.72,25,25,23
642.79,26,20,24
642.86,20,28,19
642.94,19,21,21
643.01,19,18,20
643.08,18,21,20
643.15,21,22,17
643.23,26,20,26
643.3,31,24,21
643.37,28,19,25
643.44,27,27,23
643.52,37,29,26
643.59,38,25,26
643.66,27,27,29
643.73,34,26,26
643.8,36,31,32
643.88,34,29,31
643.95,35,32,32
644.02,33,30,30
644.09,36,32,33
644.16,38,34,35
644.23,40,31,43
644.3,44,29,33
644.37,41,35,37
644.45,41,35,30
644.52,30,32,33
644.59,40,29,29
644.66,41,30,29
644.73,40,32,30
644.8,31,34,26
644.87,35,29,31
644.94,30,30,27
645.01,39,30,27
645.08,46,33,32
645.15,31,34,23
645.22,43,40,33
645.29,39,33,33
645.36,37,37,35
661,0,0,0
661.08,3,1,4
661.15,3,0,2
661.23,4,0,0
661.3,3,5,4
661.38,10,5,2
661.45,9,2,5
661.53,7,2,3
661.6,0,3,1
661.68,1,4,2
661.75,6,5,2
661.83,4,2,2
661.9,0,3,3
661.98,9,0,0
662.05,6,1,5
662.13,6,5,0
662.21,2,2,0
662.28,5,10,0
662.36,9,5,5
662.43,5,5,3
662.51,8,0,3
662.59,12,4,8
662.66,3,0,0
662.74,11,4,0
662.82,21,8,8
662.89,50,24,31
662.97,27,21,18
663.05,25,6,15
663.12,18,1,10
663.2,16,5,8
663.28,25,13,13
663.35,24,11,12
663.43,19,11,17
663.51,21,9,14
663.59,21,8,12
663.66,23,17,18
663.74,23,8,12
663.82,17,6,10
663.9,19,10,15
663.97,23,12,14
664.05,28,13,14
664.13,28,13,8
664.21,31,14,17
664.29,36,20,20
664.36,46,21,24
664.44,34,18,20
664.52,35,25,26
664.6,49,29,32
664.68,55,34,38
664.76,48,34,34
664.83,56,38,28
664.91,53,34,35
664.99,59,36,32
665.07,54,30,41
665.15,50,26,30
665.23,42,27,25
665.31,45,30,26
665.39,51,32,35
665.47,63,30,32
665.55,55,34,36
665.63,58,38,38
665.71,52,27,32
665.79,60,38,34
665.86,68,39,48
665.94,52,29,37
666.02,50,28,28
666.1,44,16,30
666.18,50,20,29
666.26,64,34,36
666.35,68,42,36
666.43,45,36,31
666.51,32,12,14
666.59,30,9,14
666.67,33,18,14
666.75,25,9,15
666.83,30,13,18
666.91,28,20,18
666.99,34,8,14
667.07,28,14,19
667.15,23,12,21
667.23,21,8,3
667.31,32,17,13
667.4,33,16,19
667.48,28,19,16
667.56,32,14,18
667.64,35,20,21
667.72,41,23,22
667.8,43,21,22
667.89,53,26,23
667.97,48,25,29
668.05,53,27,31
668.13,61,34,45
668.21,69,42,46
668.3,73,47,40
668.38,76,46,50
668.46,75,41,42
668.54,79,43,50
668.63,84,47,56
668.71,77,47,47
668.79,71,42,46
668.87,61,37,38
668.96,62,32,41
669.04,72,35,40
669.12,78,45,42
669.21,81,52,50
669.29,75,53,53
669.37,73,45,43
669.46,91,41,41
669.54,98,59,56
669.62,80,57,61
669.71,78,49,48
669.79,62,31,32
669.87,62,37,34
669.96,80,40,49
670.04,99,62,68
670.13,81,60,59
670.21,51,30,33
670.3,34,16,26
670.38,32,17,17
670.46,42,15,20
670.55,32,20,20
670.63,35,25,21
670.72,39,22,21
670.8,36,16,16
670.89,40,24,29
670.97,28,16,15
671.06,36,19,16
671.14,29,17,22
671.23,28,17,22
671.31,30,10,24
671.4,35,16,22
671.48,43,25,24
671.57,43,29,25
671.65,47,28,25
671.74,55,34,34
671.83,56,28,32
671.91,67,40,38
672,72,41,43
672.08,84,43,47
672.17,84,46,50
672.26,95,59,54
672.34,87,58,51
672.43,88,54,54
672.51,101,56,60
672.6,97,69,69
672.69,96,57,71
672.77,76,47,45
672.86,82,46,45
672.95,81,50,54
673.04,82,48,54
673.12,100,54,64
673.21,96,59,54
673.3,99,68,60
673.38,81,51,51
673.47,88,57,59
673.56,119,68,80
673.65,109,65,78
673.73,85,50,58
673.82,72,39,42
673.91,76,42,41
674,98,53,60
674.08,122,75,74
674.17,105,79,79
674.26,63,45,45
674.35,40,28,22
674.44,37,23,25
674.53,38,23,34
674.61,43,26,28
674.7,41,25,29
674.79,53,25,33
674.88,49,32,33
674.97,50,24,28
675.06,46,21,20
675.15,38,23,25
675.23,43,22,19
675.32,44,26,20
675.41,47,35,37
675.5,49,30,21
675.59,55,27,37
675.68,69,41,42
675.77,63,42,37
675.86,68,37,37
675.95,78,43,46
676.04,94,53,57
676.13,94,57,61
676.22,103,67,65
676.31,115,65,74
676.4,123,79,75
676.49,137,85,85
676.58,132,78,87
676.67,124,82,88
676.76,134,84,89
676.85,169,103,109
676.94,157,103,117
677.03,131,89,84
677.12,110,67,71
677.21,117,76,76
677.3,117,76,80
677.39,134,75,86
677.49,144,84,85
677.58,148,88,95
677.67,140,87,97
677.76,128,72,81
677.85,155,90,88
677.94,193,120,114
678.03,174,113,126
678.13,119,84,85
678.22,111,69,71
678.31,122,68,70
678.4,145,94,85
678.49,195,112,117
678.58,167,121,126
678.68,93,72,70
678.77,55,36,36
678.86,52,31,35
678.95,58,39,30
679.05,63,33,37
679.14,59,33,42
679.23,67,42,41
679.32,59,43,36
679.42,66,46,43
679.51,60,35,37
679.6,53,34,29
679.7,46,25,29
679.79,40,24,19
679.88,53,24,31
679.98,52,28,31
680.07,50,29,30
680.16,57,30,36
680.26,65,45,46
680.35,68,43,41
680.44,71,41,40
680.54,83,43,46
680.63,89,59,55
680.72,93,52,57
680.82,102,63,64
680.91,104,61,68
681.01,119,78,80
681.1,125,72,80
681.2,122,76,88
681.29,125,81,85
681.38,124,80,87
681.48,146,82,88
681.57,146,96,94
681.67,132,90,92
681.76,112,71,72
681.86,100,54,64
681.95,108,60,76
682.05,115,67,77
682.14,117,74,72
682.24,121,80,83
682.33,127,79,81
682.43,116,81,87
682.53,108,69,74
682.62,140,79,83
682.72,162,98,102
682.81,140,93,99
682.91,101,64,70
683,87,58,54
683.1,99,63,59
683.2,127,70,72
683.29,165,98,104
683.39,164,114,113
683.49,85,67,67
683.58,50,33,31
683.68,47,25,25
683.78,51,26,35
683.87,51,27,32
683.97,52,27,29
684.07,60,40,33
684.16,65,32,37
684.26,60,28,40
684.36,49,27,27
684.45,57,33,30
684.55,47,26,30
684.65,46,22,26
684.75,46,30,25
684.84,51,33,35
684.94,53,26,30
685.04,58,32,36
685.14,60,32,33
685.23,61,36,33
685.33,58,30,32
685.43,67,38,42
685.53,91,53,51
685.63,115,74,78
685.72,126,90,92
685.82,100,68,71
685.92,75,53,53
686.02,72,42,41
686.12,63,36,42
686.22,70,46,50
686.32,70,40,47
686.41,77,43,46
686.51,81,47,48
686.61,82,47,54
686.71,85,50,55
686.81,69,44,47
686.91,66,39,44
687.01,64,37,43
687.11,63,39,37
687.21,67,43,39
687.31,71,42,45
687.41,70,42,45
687.51,69,44,43
687.61,74,43,40
687.71,64,44,39
687.81,81,44,45
687.91,91,58,62
688.01,81,55,49
688.11,57,34,43
688.21,55,30,28
688.31,56,29,29
688.41,71,37,40
688.51,90,57,51
688.61,92,65,65
688.71,52,40,39
688.81,33,25,12
688.91,24,15,16
689.01,27,10,16
689.12,28,15,14
689.22,24,17,16
689.32,26,13,13
689.42,28,11,13
689.52,30,9,13
689.62,26,13,15
689.72,21,10,12
689.83,16,14,10
689.93,15,5,12
690.03,20,7,8
690.13,14,8,9
690.23,15,1,11
690.33,15,15,5
690.44,18,10,6
690.54,22,17,13
690.64,19,12,11
690.74,17,9,9
690.85,16,9,10
690.95,23,13,13
691.05,17,11,13
691.15,23,12,16
691.26,29,17,19
691.36,25,8,18
691.46,30,18,13
691.57,31,17,16
691.67,31,19,18
691.77,29,12,12
691.88,31,18,23
691.98,28,17,12
692.08,32,17,17
692.19,37,13,17
692.29,30,21,19
692.39,23,12,14
692.5,24,18,16
692.6,21,11,12
692.71,22,16,15
692.81,29,19,19
692.91,27,13,16
693.02,32,15,19
693.12,29,15,17
693.23,28,22,17
693.33,28,17,17
693.44,33,22,12
693.54,32,19,20
693.65,27,21,17
693.75,35,20,20
693.85,25,12,12
693.96,24,10,8
694.06,33,16,9
694.17,36,13,17
694.28,37,26,21
694.38,32,19,22
694.49,20,9,10
694.59,18,13,13
694.7,13,5,6
694.8,12,3,4
694.91,17,9,15
695.01,10,5,9
695.12,14,11,2
695.23,16,5,5
695.33,13,9,7
695.44,15,9,7
695.54,14,4,5
695.65,16,9,12
695.76,8,5,9
695.86,12,0,4
695.97,11,3,6
696.08,7,0,6
696.18,9,0,4
696.29,8,0,4
696.4,16,7,5
696.5,15,4,7
696.61,8,0,11
696.72,14,2,4
696.83,6,3,7
696.93,5,1,6
697.04,9,2,1
697.15,5,6,0
697.26,13,4,3
697.36,15,5,4
697.47,9,0,7
697.58,6,0,6
697.69,7,7,0
697.79,10,5,7
697.9,10,5,6
698.01,17,0,1
698.12,10,11,11
698.23,10,1,6
698.34,6,4,1
698.44,11,0,1
698.55,16,8,7
698.66,11,5,5
698.77,11,5,2
698.88,13,0,6
698.99,11,7,4
699.1,12,9,11
699.21,6,8,8
699.32,20,7,7
699.42,16,6,4
699.53,13,1,6
699.64,9,5,4
699.75,12,4,0
699.86,15,5,6
699.97,15,5,4
700.08,14,5,0
700.19,8,0,6
700.3,6,7,1
700.41,10,10,1
700.52,6,2,1
700.63,14,0,5
700.74,12,0,3
700.85,11,0,3
700.96,14,7,3
701.07,6,2,0
701.18,10,6,2
701.29,14,2,0
701.4,13,6,12
701.52,10,4,5
701.63,10,3,4
701.74,11,7,3
701.85,8,7,3
701.96,11,3,8
702.07,13,9,4
702.18,14,6,6
702.29,9,4,5
702.4,12,6,2
702.52,16,10,8
702.63,9,2,5
702.74,14,2,10
702.85,13,8,5
702.96,24,5,11
703.07,18,7,12
703.19,19,10,12
703.3,10,9,5
703.41,7,5,8
703.52,12,6,3
703.64,6,5,1
703.75,11,5,2
703.86,9,7,5
703.97,18,10,2
704.09,12,4,2
704.2,17,3,6
704.31,17,8,4
704.42,16,7,3
704.54,9,6,5
704.65,12,6,3
704.76,16,0,6
704.88,12,5,4
704.99,12,1,6
705.1,8,3,6
705.22,13,7,0
705.33,11,9,9
705.45,21,1,8
705.56,16,3,0
705.67,12,0,4
705.79,15,3,9
705.9,16,10,7
706.01,25,11,7
706.13,17,8,6
706.24,16,6,9
706.36,16,6,9
706.47,17,10,6
706.59,17,20,7
706.7,16,14,5
706.82,18,10,1
706.93,21,6,8
707.05,16,9,8
707.16,23,8,6
707.28,24,18,11
707.39,23,16,16
707.51,23,20,13
707.62,28,11,8
707.74,25,15,9
707.85,31,11,14
707.97,33,17,13
708.08,29,11,17
708.2,27,18,16
708.31,44,16,22
708.43,42,24,27
708.55,44,32,26
708.66,33,16,22
708.78,28,11,10
708.89,14,11,6
709.01,14,6,9
709.13,14,4,10
709.24,14,2,5
709.36,9,6,0
709.48,12,3,7
709.59,10,7,13
709.71,18,7,3
709.83,14,11,5
709.94,17,3,6
710.06,14,10,12
710.18,12,7,2
710.3,17,6,9
710.41,22,9,8
710.53,15,2,8
710.65,15,6,6
710.77,15,6,9
710.88,19,6,7
711,16,4,7
711.12,16,2,10
711.24,14,9,12
711.35,10,11,13
711.47,17,10,4
711.59,21,13,5
711.71,20,10,9
711.83,21,13,9
711.94,24,12,6
712.06,24,12,9
712.18,36,19,21
712.3,30,16,18
712.42,37,16,16
712.54,27,20,22
712.66,35,14,24
712.78,34,18,16
712.89,39,24,24
713.01,33,19,17
713.13,40,19,17
713.25,29,13,12
713.37,33,17,18
713.49,36,21,23
713.61,39,21,23
713.73,38,22,17
713.85,40,26,24
713.97,45,29,25
714.09,46,23,20
714.21,39,25,23
714.33,44,26,26
714.45,51,31,29
714.57,68,40,42
714.69,96,53,57
714.81,96,71,66
714.93,70,51,45
715.05,33,24,23
715.17,29,12,16
715.29,17,10,9
715.41,22,18,17
715.53,20,17,13
715.65,21,15,24
715.78,24,12,17
715.9,17,11,11
716.02,19,13,13
716.14,13,6,2
716.26,12,4,8
716.38,16,5,11
716.5,16,9,10
716.62,12,2,5
716.75,10,8,6
716.87,22,1,9
716.99,10,9,14
717.11,12,7,4
717.23,11,3,6
717.36,9,8,6
717.48,12,4,6
717.6,13,3,7
717.72,9,5,6
717.85,9,6,5
717.97,14,6,12
718.09,19,6,6
718.21,17,2,11
718.34,14,4,10
718.46,14,4,3
718.58,10,8,7
718.7,12,12,11
718.83,22,12,9
718.95,24,10,5
719.07,20,7,6
719.2,22,10,9
719.32,28,14,9
719.44,26,16,14
719.57,20,14,20
719.69,26,16,14
719.82,23,11,15
719.94,34,16,18
720.06,33,10,14
720.19,27,14,19
720.31,34,13,20
720.44,28,18,25
720.56,43,15,23
720.68,41,25,26
720.81,42,18,27
720.93,43,23,28
721.06,41,32,27
721.18,48,30,27
721.31,45,30,27
721.43,44,33,24
721.56,49,27,24
721.68,53,30,27
721.81,46,38,36
721.93,38,27,27
722.06,36,20,16
722.18,40,22,25
722.31,36,22,29
722.43,37,20,23
722.56,49,19,24
722.68,45,24,36
722.81,50,31,28
722.94,54,41,34
723.06,37,23,32
723.19,45,19,19
723.31,38,21,25
723.44,52,23,32
723.57,58,32,38
723.69,56,40,34
723.82,43,25,30
723.95,33,21,24
724.07,39,19,30
724.2,37,23,28
724.33,28,22,34
724.45,47,26,22
724.58,55,31,34
724.71,55,40,43
724.83,41,25,31
724.96,29,17,14
725.09,25,13,16
725.21,22,18,15
725.34,26,15,24
725.47,28,12,16
725.6,30,16,13
725.72,26,19,15
725.85,30,17,18
725.98,32,23,16
726.11,24,20,17
726.24,20,12,16
726.36,20,4,5
726.49,21,9,12
726.62,18,8,8
726.75,20,4,11
726.88,19,15,14
727.01,15,12,15
727.13,22,4,12
727.26,22,9,14
727.39,22,12,17
727.52,24,11,16
727.65,24,12,18
727.78,24,10,11
727.91,24,16,10
728.04,28,11,13
728.17,33,15,15
728.29,33,14,16
728.42,34,18,19
728.55,31,15,26
728.68,33,21,21
728.81,31,15,19
728.94,33,19,22
729.07,45,27,27
729.2,40,24,25
729.33,42,22,25
729.46,49,23,36
729.59,48,27,36
729.72,46,29,35
729.85,54,39,34
729.98,59,35,37
730.11,67,38,46
730.24,57,45,41
730.37,61,44,47
730.51,71,49,48
730.64,83,55,59
730.77,87,56,60
730.9,80,47,52
731.03,78,51,50
731.16,72,50,52
731.29,90,53,57
731.42,89,57,54
731.55,77,57,57
731.69,68,42,49
731.82,70,40,42
731.95,69,33,36
732.08,68,44,42
732.21,62,35,38
732.34,77,42,48
732.48,73,51,52
732.61,80,54,54
732.74,91,53,57
732.87,76,56,56
733,58,34,41
733.14,67,32,40
733.27,88,46,58
733.4,92,60,65
733.53,99,63,68
733.67,75,57,57
733.8,62,42,43
733.93,53,34,40
734.07,60,32,36
734.2,59,38,41
734.33,73,35,44
734.47,84,47,48
734.6,95,56,66
734.73,87,60,67
734.87,63,37,44
735,36,25,27
735.13,34,18,23
735.27,30,15,22
735.4,30,16,21
735.53,36,19,21
735.67,36,14,19
735.8,38,23,27
735.94,33,13,26
736.07,40,17,20
736.2,37,28,18
736.34,31,26,24
736.47,27,18,20
736.61,28,17,19
736.74,21,12,11
736.88,22,16,17
737.01,27,13,16
737.15,30,24,22
737.28,28,15,13
737.42,29,18,19
737.55,42,17,20
737.69,42,20,27
737.82,41,35,24
737.96,31,28,28
738.09,32,25,26
738.23,26,16,18
738.36,33,12,18
738.5,36,13,21
738.64,40,20,20
738.77,34,19,21
738.91,31,18,20
739.04,37,24,22
739.18,43,22,28
739.32,45,25,27
739.45,52,32,39
739.59,54,28,28
739.72,51,21,30
739.86,53,36,30
740,61,33,36
740.13,60,39,39
740.27,64,34,34
740.41,60,33,37
740.54,65,41,36
740.68,81,45,49
740.82,78,53,51
740.96,74,48,49
741.09,74,41,55
741.23,89,53,64
741.37,95,58,50
741.51,92,56,63
741.64,87,53,55
741.78,88,49,54
741.92,97,65,58
742.06,101,65,67
742.19,104,67,68
742.33,77,55,63
742.47,73,50,49
742.61,79,45,51
742.75,77,45,52
742.89,75,46,53
743.02,83,53,51
743.16,91,58,55
743.3,82,54,50
743.44,92,58,60
743.58,94,69,68
743.72,94,53,60
743.86,77,53,48
744,76,44,46
744.13,81,49,58
744.27,107,64,64
744.41,121,81,73
744.55,107,70,66
744.69,80,51,56
744.83,71,41,52
744.97,68,45,41
745.11,67,48,49
745.25,78,53,48
745.39,94,52,54
745.53,111,68,70
745.67,129,80,78
745.81,110,72,82
745.95,81,53,54
746.09,72,41,48
746.23,64,49,45
746.37,66,45,42
746.51,50,34,35
746.65,46,28,28
746.79,37,25,22
746.93,39,25,27
747.07,38,19,32
747.22,42,21,18
747.36,32,22,21
747.5,35,15,21
747.64,30,21,17
747.78,32,16,15
747.92,22,18,15
748.06,19,10,9
748.2,22,11,10
748.35,20,15,9
748.49,20,12,13
748.63,21,8,13
748.77,21,9,9
748.91,16,11,8
749.05,20,16,10
749.2,17,10,15
749.34,31,22,24
749.48,29,13,13
749.62,21,13,13
749.77,24,15,13
749.91,27,9,16
750.05,33,16,20
750.19,32,19,23
750.34,25,22,16
750.48,36,19,17
750.62,28,14,18
750.76,36,19,18
750.91,35,20,20
751.05,42,21,20
751.19,29,18,26
751.34,39,21,25
751.48,46,28,31
751.62,50,34,30
751.77,46,27,30
751.91,54,36,28
752.06,51,30,30
752.2,50,33,36
752.34,65,34,36
752.49,75,43,45
752.63,70,43,40
752.78,64,45,41
752.92,76,45,46
753.06,79,52,55
753.21,84,50,56
753.35,73,53,47
753.5,69,44,49
753.64,71,49,50
753.79,81,53,54
753.93,88,65,57
754.08,83,61,63
754.22,75,50,56
754.37,78,41,51
754.51,71,37,51
754.66,70,47,51
754.8,68,48,49
754.95,76,50,48
755.09,83,50,50
755.24,81,48,52
755.38,81,52,63
755.53,90,58,57
755.68,94,66,65
755.82,87,60,61
755.97,96,58,58
756.11,99,67,65
756.26,110,70,71
756.41,119,72,72
756.55,104,74,72
756.7,89,60,65
756.85,70,40,46
756.99,59,30,36
757.14,58,35,40
757.29,53,35,36
757.43,55,36,34
757.58,65,42,37
757.73,78,52,47
757.87,96,63,59
758.02,84,61,66
758.17,52,42,41
758.31,36,21,18
758.46,31,18,18
758.61,32,14,11
758.76,26,15,13
758.9,27,17,18
759.05,33,15,18
759.2,26,17,19
759.35,37,20,24
759.5,33,26,20
759.64,29,19,20
759.79,31,12,15
759.94,30,21,21
760.09,27,18,13
760.24,23,16,11
760.39,20,13,14
760.53,25,12,15
760.68,22,11,6
760.83,21,10,11
760.98,18,16,14
761.13,22,15,10
761.28,25,8,11
761.43,28,15,20
761.58,26,14,11
761.73,24,12,13
761.87,21,10,10
762.02,24,19,19
762.17,25,20,15
762.32,26,10,16
762.47,28,10,11
762.62,33,21,26
762.77,32,20,18
762.92,36,15,20
763.07,35,15,23
763.22,33,16,20
763.37,35,14,18
763.52,36,26,24
763.67,36,26,23
763.82,40,27,30
763.97,39,26,22
764.12,41,21,21
764.27,44,29,27
764.43,55,30,30
764.58,56,40,43
764.73,53,28,33
764.88,54,33,40
765.03,72,51,55
765.18,62,39,43
765.33,66,48,43
765.48,76,45,47
765.63,76,48,54
765.79,71,44,51
765.94,78,49,57
766.09,86,61,59
766.24,87,57,68
766.39,81,50,65
766.54,90,53,64
766.7,90,53,56
766.85,86,56,62
767,99,66,68
767.15,121,69,70
767.3,94,77,75
767.46,85,58,65
767.61,72,54,51
767.76,73,49,50
767.91,80,46,43
768.07,74,47,50
768.22,70,52,50
768.37,83,50,49
768.53,82,49,55
768.68,88,55,56
768.83,85,50,58
768.98,95,59,65
769.14,88,60,63
769.29,79,49,50
769.44,79,48,45
769.6,85,57,51
769.75,97,64,52
769.91,111,72,73
770.06,102,76,84
770.21,85,63,63
770.37,70,47,50
770.52,65,38,45
770.68,61,39,39
770.83,67,40,38
770.98,73,43,48
771.14,82,49,42
771.29,100,56,64
771.45,117,72,75
771.6,111,74,74
771.76,78,61,59
771.91,44,36,36
772.07,37,22,16
772.22,28,21,27
772.38,34,13,12
772.53,35,18,16
772.69,26,24,20
772.84,45,34,23
773,31,20,20
773.15,40,17,19
773.31,40,24,21
773.46,32,19,23
773.62,32,17,19
773.77,28,15,16
773.93,35,17,13
774.09,30,14,12
774.24,21,11,11
774.4,27,7,14
774.55,14,7,10
774.71,19,3,10
774.87,20,1,4
775.02,21,1,8
775.18,17,14,7
775.34,22,13,12
775.49,21,9,15
775.65,16,7,16
775.81,22,5,8
775.96,14,11,12
776.12,21,12,8
776.28,15,0,6
776.44,17,4,7
776.59,13,8,5
776.75,11,0,3
776.91,19,0,5
777.07,15,6,6
777.22,16,7,6
777.38,6,9,6
777.54,15,4,12
777.7,16,9,12
777.85,17,10,11
778.01,17,9,4
778.17,19,9,3
778.33,12,8,6
778.49,18,11,13
778.64,13,2,1
778.8,12,8,7
778.96,12,2,2
779.12,15,10,7
779.28,20,8,2
779.44,17,10,6
779.6,15,10,11
779.76,21,10,9
779.91,23,14,23
780.07,31,17,19
780.23,23,16,16
780.39,26,14,11
780.55,23,14,11
780.71,21,10,9
780.87,16,11,12
781.03,15,7,8
781.19,9,9,2
781.35,19,7,3
781.51,10,11,6
781.67,18,4,6
781.83,18,4,9
781.99,14,4,12
782.15,17,7,12
782.31,18,6,6
782.47,20,8,6
782.63,12,8,14
782.79,16,0,4
782.95,17,11,8
783.11,9,10,12
783.27,23,14,10
783.43,16,8,9
783.59,15,9,9
783.76,14,11,12
783.92,20,12,12
784.08,21,5,9
784.24,23,9,5
784.4,22,8,12
784.56,14,11,10
784.72,26,16,16
784.88,21,13,9
785.05,22,9,8
785.21,22,9,11
785.37,19,7,3
785.53,22,8,16
785.69,22,7,7
785.86,22,14,15
786.02,22,15,12
786.18,20,11,12
786.34,24,12,11
786.5,26,17,14
786.67,31,14,15
786.83,22,12,15
786.99,23,9,12
787.16,17,7,3
787.32,18,7,6
787.48,15,0,9
787.64,13,13,9
787.81,14,6,3
787.97,15,6,6
788.13,13,6,6
788.3,17,9,6
788.46,10,0,4
788.62,16,0,6
788.79,10,6,9
788.95,3,4,3
789.11,8,4,3
789.28,8,0,2
789.44,8,6,2
789.61,11,1,5
789.77,10,4,7
789.93,9,1,2
790.1,10,1,0
790.26,10,0,2
790.43,6,4,5
790.59,13,5,11
790.76,10,0,1
790.92,7,0,1
791.09,6,7,1
791.25,11,4,0
791.42,14,2,6
791.58,5,5,2
791.75,8,0,0
791.91,4,5,0
792.08,12,0,7
792.24,16,12,5
792.41,9,4,2
792.57,9,5,5
792.74,5,1,4
792.9,11,3,8
793.07,10,6,4
793.23,10,4,9
793.4,4,4,5
793.57,11,3,3
793.73,11,3,0
793.9,12,3,2
794.06,15,1,1
794.23,6,2,8
794.4,12,4,4
794.56,12,4,8
794.73,12,13,6
794.9,14,6,4
795.06,9,1,0
795.23,7,9,2
795.4,12,7,4
795.56,9,5,5
795.73,16,1,6
795.9,11,6,11
796.07,16,9,4
796.23,22,8,5
796.4,14,6,6
796.57,9,11,7
796.74,15,3,4
796.9,14,8,6
797.07,8,4,14
797.24,14,3,9
797.41,16,7,5
797.57,18,5,5
797.74,20,9,8
797.91,19,8,10
798.08,18,14,15
798.25,10,11,7
798.42,14,9,12
798.58,16,11,10
798.75,18,6,13
798.92,14,6,9
799.09,21,6,9
799.26,24,7,10
799.43,19,7,13
799.6,21,8,9
799.77,27,14,21
799.93,25,19,18
800.1,25,18,14
800.27,28,17,19
800.44,23,10,20
800.61,20,11,10
800.78,14,8,14
800.95,13,9,3
801.12,20,10,6
801.29,19,6,15
801.46,13,3,6
801.63,12,4,6
801.8,15,6,3
801.97,18,8,9
802.14,11,4,4
802.31,12,6,3
802.48,11,0,6
802.65,11,8,4
802.82,12,0,4
802.99,11,8,3
803.16,9,4,6
803.33,13,3,5
803.51,13,4,9
803.68,13,9,5
803.85,14,0,4
804.02,9,7,3
804.19,13,12,5
804.36,13,7,6
804.53,21,10,4
804.7,15,7,1
804.88,13,13,3
805.05,9,12,2
805.22,9,10,5
805.39,8,5,1
805.56,9,10,0
805.73,13,9,10
805.91,11,9,12
806.08,10,8,6
806.25,11,5,8
806.42,17,5,8
806.6,15,8,13
806.77,12,4,7
806.94,10,4,0
807.11,6,9,2
807.29,5,0,2
807.46,13,6,2
807.63,10,0,6
807.8,14,4,6
807.98,13,1,6
808.15,11,5,3
808.32,10,4,1
808.5,8,5,7
808.67,14,1,8
808.84,4,5,8
809.02,12,9,6
809.19,9,2,5
809.36,10,5,3
809.54,13,3,5
809.71,12,7,6
809.89,6,7,6
810.06,6,7,4
810.23,7,1,6
810.41,10,5,2
810.58,10,3,1
810.76,9,9,10
810.93,16,3,4
811.11,8,6,9
811.28,8,6,3
811.45,3,5,0
811.63,4,4,6
811.8,14,5,5
811.98,11,5,4
812.15,10,0,9
812.33,12,8,0
812.5,15,0,8
812.68,14,4,2
812.86,17,7,6
813.03,14,0,9
813.21,9,5,5
813.38,12,5,9
813.56,10,1,2
813.73,13,6,6
813.91,10,5,3
814.08,13,7,8
814.26,15,7,8
814.44,10,3,5
814.61,9,2,14
814.79,13,9,2
814.97,11,10,9
815.14,5,6,7
815.32,12,13,3
815.5,20,9,6
815.67,11,14,8
815.85,21,15,10
816.03,24,15,11
816.2,27,13,10
816.38,19,10,10
816.56,14,8,6
816.73,9,4,2
816.91,6,3,5
817.09,10,7,4
817.27,1,5,5
817.44,7,5,8
817.62,6,4,6
817.8,7,0,2
817.98,14,6,4
818.15,12,6,2
818.33,9,5,8
818.51,12,1,4
818.69,5,4,1
818.87,8,4,0
819.04,11,7,3
819.22,14,6,5
819.4,7,5,0
819.58,10,0,0
819.76,7,7,0
819.94,6,4,0
820.12,6,3,0
820.29,10,0,9
820.47,11,6,6
820.65,12,5,7
820.83,8,2,2
821.01,13,6,5
821.19,14,8,4
821.37,10,0,7
821.55,13,3,5
821.73,8,3,5
821.91,7,2,6
822.09,9,2,2
822.27,3,7,6
822.45,10,3,4
822.63,7,8,4
822.81,10,6,3
822.99,12,6,1
823.17,8,3,2
823.35,16,6,8
823.53,10,9,5
823.71,13,2,7
823.89,9,0,5
824.07,15,6,1
824.25,10,4,4
824.43,9,3,6
824.61,14,0,4
824.79,6,4,0
824.97,9,7,13
825.15,12,4,5
825.34,10,3,7
825.52,15,3,9
825.7,13,7,13
825.88,11,7,4
826.06,7,0,4
826.24,10,2,3
826.42,8,4,1
826.61,7,3,6
826.79,7,0,3
826.97,7,4,2
827.15,5,8,3
827.33,8,4,1
827.52,5,0,1
827.7,7,4,2
827.88,12,6,7
828.06,14,4,0
828.25,9,5,3
828.43,9,2,3
828.61,5,3,1
828.79,7,2,5
828.98,4,5,1
829.16,4,0,2
829.34,10,3,8
829.52,6,0,3
829.71,12,4,5
829.89,11,4,9
830.07,3,0,6
830.26,11,5,0
830.44,14,5,6
830.62,6,0,5
830.81,9,1,2
830.99,9,5,1
831.18,8,4,5
831.36,2,0,0
831.54,12,1,0
831.73,9,1,6
831.91,9,3,9
832.1,7,0,0
832.28,8,1,0
832.46,6,5,4
832.65,11,4,8
832.83,8,0,3
833.02,10,2,2
833.2,3,3,4
833.39,11,1,1
833.57,11,5,4
833.76,10,0,3
833.94,8,2,6
834.13,10,8,9
834.31,10,9,6
834.5,8,2,6
834.68,9,5,0
834.87,10,7,0
835.06,11,0,2
835.24,4,3,2
835.43,5,2,0
835.61,11,2,3
835.8,13,7,11
835.98,6,0,4
836.17,6,5,5
836.36,9,7,5
836.54,9,8,2
836.73,11,4,0
836.92,5,8,4
837.1,11,0,4
837.29,9,2,2
837.47,11,9,8
837.66,2,4,6
837.85,7,5,5
838.04,5,1,0
838.22,10,6,8
838.41,8,6,3
838.6,9,4,5
838.78,14,11,10
838.97,19,6,5
839.16,17,6,9
839.35,13,7,4
839.53,16,6,5
839.72,14,5,9
839.91,12,7,5
840.1,14,9,7
840.28,6,5,1
840.47,9,5,4
840.66,16,6,7
840.85,9,7,0
841.04,15,12,5
841.22,12,3,7
841.41,10,3,7
841.6,8,6,1
841.79,5,4,9
841.98,6,3,5
842.17,11,2,7
842.36,14,7,6
842.55,11,8,8
842.73,9,0,4
842.92,14,6,0
843.11,11,0,0
843.3,16,7,12
843.49,11,0,4
843.68,14,7,2
843.87,5,2,4
844.06,8,7,3
844.25,20,11,15
844.44,15,0,5
844.63,12,3,4
844.82,8,2,4
845.01,16,0,4
845.2,7,0,3
845.39,6,7,1
845.58,12,6,0
845.77,12,3,4
845.96,10,0,8
846.15,12,1,4
846.34,10,2,2
846.53,10,6,0
846.72,7,3,3
846.91,6,5,4
847.1,8,6,4
847.29,13,3,4
847.48,13,5,8
847.68,10,11,8
847.87,12,5,8
848.06,11,2,1
848.25,4,0,5
848.44,13,3,5
848.63,14,4,12
848.82,9,0,4
849.02,7,7,0
849.21,13,5,0
849.4,13,5,4
849.59,10,4,5
849.78,10,2,7
849.98,10,1,7
850.17,14,4,7
850.36,12,3,6
850.55,12,2,4
850.74,7,1,3
850.94,14,3,7
851.13,13,10,6
851.32,10,8,10
851.52,14,1,3
851.71,12,9,12
851.9,18,9,9
852.09,9,4,7
852.29,11,7,1
852.48,8,5,7
852.67,16,5,5
852.87,13,6,3
853.06,15,14,10
853.25,10,6,8
853.45,13,6,8
853.64,9,2,6
853.84,11,8,4
854.03,12,6,1
854.22,13,8,5
854.42,16,5,4
854.61,13,3,10
854.81,13,6,8
855,11,2,4
855.19,7,5,3
855.39,13,3,2
855.58,10,3,0
855.78,16,6,4
855.97,13,7,7
856.17,16,7,9
856.36,17,8,13
856.56,19,6,5
856.75,19,8,5
856.95,16,7,5
857.14,19,6,12
857.34,14,5,3
857.53,11,10,4
857.73,11,2,1
857.92,14,7,6
858.12,7,0,0
858.31,6,4,1
858.51,10,4,7
858.71,8,2,6
858.9,5,7,0
859.1,14,5,4
859.29,13,4,1
859.49,12,4,12
859.69,7,4,0
859.88,11,10,6
860.08,10,2,7
860.28,6,3,6
860.47,9,0,5
860.67,6,5,9
860.87,9,4,0
861.06,10,0,0
861.26,14,5,8
861.46,6,6,3
861.65,4,4,4
861.85,10,3,1
862.05,16,3,4
862.25,10,8,8
862.44,8,7,4
862.64,10,7,2
862.84,6,6,0
863.04,8,1,3
863.23,8,5,2
863.43,12,4,0
863.63,15,4,0
863.83,6,0,6
864.02,12,9,4
864.22,12,8,8
864.42,4,4,5
864.62,8,5,6
864.82,10,0,3
865.02,11,8,6
865.22,2,6,4
865.41,7,4,9
865.61,10,6,4
865.81,11,7,0
866.01,12,7,5
866.21,6,3,0
866.41,12,13,4
866.61,11,3,8
866.81,8,5,10
867.01,9,5,6
867.21,9,2,8
867.4,14,0,1
867.6,18,3,4
867.8,13,10,5
868,13,2,10
868.2,18,10,9
868.4,15,2,8
868.6,15,4,6
868.8,14,8,14
869,15,4,8
869.2,15,6,13
869.4,18,1,10
869.6,13,8,7
869.81,16,8,6
870.01,15,8,1
870.21,16,8,7
870.41,12,4,5
870.61,15,9,15
870.81,10,9,11
871.01,15,14,6
871.21,16,8,6
871.41,13,6,4
871.61,13,4,6
871.81,21,8,0
872.02,18,13,9
872.22,14,5,13
872.42,11,3,7
872.62,12,9,9
872.82,12,5,1
873.02,13,6,4
873.23,18,11,3
873.43,9,3,5
873.63,10,10,10
873.83,22,10,11
874.03,16,10,12
874.24,16,12,10
874.44,13,11,10
874.64,19,11,9
874.84,14,6,6
875.05,18,10,14
875.25,16,10,10
875.45,18,10,7
875.66,19,8,11
875.86,16,6,9
876.06,15,9,4
876.26,15,7,11
876.47,16,10,12
876.67,16,8,13
876.87,21,13,13
877.08,18,9,9
877.28,21,10,7
877.49,16,6,9
877.69,19,4,8
877.89,18,7,10
878.1,17,8,6
878.3,18,7,9
878.5,20,5,8
878.71,27,11,11
878.91,20,8,14
879.12,24,9,14
879.32,23,5,12
879.53,22,13,18
879.73,18,9,12
879.94,20,13,13
880.14,21,11,8
880.34,18,8,9
880.55,20,11,17
880.75,17,14,15
880.96,13,9,7
881.16,10,8,8
881.37,7,2,10
881.58,16,0,5
881.78,14,3,9
881.99,12,4,9
882.19,21,12,6
882.4,12,9,5
882.6,10,1,4
882.81,15,8,3
883.01,12,4,7
883.22,13,4,3
883.43,16,7,7
883.63,10,3,11
883.84,11,10,9
884.05,10,0,2
884.25,8,8,3
884.46,10,2,7
884.66,5,2,2
884.87,5,0,4
885.08,6,0,3
885.28,10,0,1
885.49,10,0,5
885.7,10,0,5
885.91,4,3,0
886.11,10,4,11
886.32,16,13,16
886.53,7,6,7
886.73,4,1,0
886.94,7,6,7
887.15,8,0,4
887.36,8,0,1
887.56,10,1,2
887.77,8,4,1
887.98,8,2,4
888.19,15,3,4
888.4,11,0,5
888.6,4,5,2
888.81,11,3,6
889.02,8,0,6
889.23,14,5,2
889.44,8,3,7
889.65,11,2,3
889.85,11,7,2
890.06,12,2,3
890.27,8,4,2
890.48,12,3,4
890.69,11,8,7
890.9,18,11,1
891.11,12,9,4
891.32,11,6,1
891.53,19,7,7
891.74,15,12,8
891.95,3,5,7
892.16,15,3,6
892.36,15,8,7
892.57,12,6,3
892.78,12,10,7
892.99,20,0,11
893.2,12,4,5
893.41,16,12,7
893.62,14,5,10
893.83,17,6,8
894.04,19,9,9
894.26,17,10,5
894.47,16,9,7
894.68,18,9,14
894.89,16,2,11
895.1,21,5,3
895.31,24,16,18
895.52,26,6,12
895.73,25,11,12
895.94,23,12,8
896.15,19,15,13
896.36,28,16,17
896.57,18,10,9
896.79,21,8,6
897,21,12,14
897.21,23,17,11
897.42,25,16,14
897.63,23,13,15
897.84,22,17,16
898.06,23,20,17
898.27,27,8,16
898.48,28,13,18
898.69,22,13,20
898.9,31,7,18
899.12,27,14,16
899.33,34,21,24
899.54,28,15,20
899.75,34,21,21
899.97,32,18,22
900.18,35,19,25
900.39,34,24,26
900.6,36,23,22
900.82,36,23,21
901.03,31,16,26
901.24,41,28,21
901.46,34,21,21
901.67,36,20,25
901.88,35,28,25
902.1,44,24,33
902.31,40,24,22
902.52,38,21,20
902.74,36,28,28
902.95,41,21,23
903.16,32,25,22
903.38,33,20,24
903.59,33,14,25
903.81,35,13,26
904.02,32,21,25
904.24,40,24,23
904.45,27,19,24
904.66,28,22,29
904.88,33,19,21
905.09,39,20,20
905.31,40,25,27
905.52,42,24,30
905.74,45,28,29
905.95,43,28,26
906.17,39,20,24
906.38,39,20,24
906.6,32,18,20
906.81,35,24,26
907.03,40,25,24
907.24,37,21,18
907.46,34,23,15
907.67,36,27,24
907.89,44,23,27
908.11,32,27,30
908.32,41,28,20
908.54,29,19,21
908.75,35,27,19
908.97,39,21,24
909.19,36,20,19
909.4,37,26,18
909.62,35,24,22
909.84,36,25,20
910.05,34,19,20
910.27,34,16,20
910.48,32,22,24
910.7,41,23,22
910.92,50,23,23
911.14,44,22,25
911.35,47,29,25
911.57,48,28,25
911.79,31,24,24
912,37,14,12
912.22,32,19,20
912.44,30,22,12
912.66,24,19,12
912.87,21,12,13
913.09,19,12,9
913.31,21,12,15
913.53,16,8,5
913.74,12,6,5
913.96,16,9,11
914.18,13,9,9
914.4,11,8,8
914.62,17,9,15
914.84,16,7,9
915.05,25,8,8
915.27,16,7,11
915.49,17,7,2
915.71,12,10,6
915.93,18,10,8
916.15,21,12,9
916.37,19,8,7
916.58,12,5,5
916.8,17,7,4
917.02,10,8,4
917.24,10,1,2
917.46,13,1,8
917.68,13,5,3
917.9,15,4,0
918.12,9,0,6
918.34,13,4,4
918.56,9,2,0
918.78,7,3,0
919,7,2,8
919.22,13,2,4
919.44,15,8,3
919.66,7,3,4
919.88,10,0,5
920.1,13,6,9
920.32,11,5,5
920.54,15,5,6
920.76,10,6,4
920.98,9,6,11
921.2,16,8,8
921.42,9,1,2
921.64,18,8,7
921.87,25,14,9
922.09,10,7,5
922.31,11,6,6
922.53,15,5,6
922.75,7,1,6
922.97,12,4,6
923.19,8,1,5
923.41,10,12,4
923.64,16,11,8
923.86,12,3,12
924.08,20,6,9
924.3,16,3,10
924.52,18,6,14
924.75,13,0,6
924.97,16,0,5
925.19,15,3,10
925.41,9,5,8
925.63,14,7,11
925.86,8,8,9
926.08,12,4,7
926.3,13,7,9
926.53,11,8,5
926.75,18,8,11
926.97,19,8,6
927.19,21,7,9
927.42,17,12,10
927.64,19,10,4
927.86,15,10,10
928.09,22,8,11
928.31,19,11,8
928.53,20,10,13
928.76,17,10,11
928.98,18,14,15
929.2,16,16,10
929.43,20,5,10
929.65,24,17,13
929.88,25,15,16
930.1,24,10,6
930.32,28,11,11
930.55,26,17,24
930.77,27,7,12
931,23,14,18
931.22,26,16,7
931.45,29,18,19
931.67,26,13,17
931.9,20,15,16
932.12,28,23,15
932.34,37,16,21
932.57,30,19,25
932.79,31,23,22
933.02,36,20,27
933.25,33,21,18
933.47,35,30,27
933.7,34,24,21
933.92,37,26,22
934.15,40,26,27
934.37,38,25,25
934.6,39,24,26
934.82,46,19,26
935.05,43,21,26
935.28,49,29,23
935.5,48,29,30
935.73,46,22,28
935.95,40,25,27
936.18,39,21,22
936.41,44,21,26
936.63,48,23,36
936.86,39,27,31
937.09,50,34,31
937.31,42,27,33
937.54,50,30,32
937.77,42,33,36
937.99,43,28,31
938.22,41,32,31
938.45,46,30,28
938.68,44,24,25
938.9,43,30,27
939.13,36,27,28
939.36,34,26,22
939.58,38,21,25
939.81,40,27,24
940.04,37,21,22
940.27,38,22,26
940.5,37,29,26
940.72,36,24,16
940.95,37,25,17
941.18,32,25,30
941.41,44,22,29
941.64,52,28,32
941.86,50,27,32
942.09,44,31,32
942.32,44,30,26
942.55,34,23,27
942.78,43,20,26
943.01,39,23,27
943.24,45,33,29
943.47,43,34,26
943.69,45,27,30
943.92,48,32,33
944.15,44,32,35
944.38,48,35,42
944.61,50,30,32
944.84,42,40,28
945.07,51,31,32
945.3,41,25,23
945.53,38,28,25
945.76,39,27,26
945.99,35,30,24
946.22,36,21,26
946.45,41,24,30
946.68,36,24,26
946.91,37,25,25
947.14,42,26,29
947.37,35,24,26
947.6,34,22,22
947.83,37,22,22
948.06,42,30,32
948.29,49,28,33
948.52,42,30,28
948.75,40,25,27
948.98,29,18,17
949.22,31,25,22
949.45,34,28,16
949.68,33,22,17
949.91,39,27,26
950.14,27,24,25
950.37,25,21,14
950.6,22,15,14
950.84,16,10,9
951.07,17,8,15
951.3,24,13,8
951.53,26,10,12
951.76,14,10,9
951.99,18,9,14
952.23,18,12,6
952.46,14,10,13
952.69,19,13,9
952.92,23,10,7
953.16,18,9,17
953.39,21,7,7
953.62,26,11,7
953.85,19,1,12
954.09,20,11,5
954.32,13,6,11
954.55,12,5,11
954.79,17,9,12
955.02,12,3,9
955.25,11,3,11
955.48,12,2,4
955.72,10,0,3
955.95,13,2,0
956.18,15,8,2
956.42,7,1,0
956.65,12,0,7
956.89,6,4,1
957.12,7,6,11
957.35,2,1,3
957.59,6,5,1
957.82,12,5,5
958.06,15,4,0
958.29,12,3,0
958.52,10,2,2
958.76,9,0,2
958.99,13,8,5
959.23,7,5,2
959.46,8,8,7
959.7,9,0,7
959.93,5,1,3
960.17,12,6,4
960.4,12,3,2
960.64,11,6,0
960.87,12,1,0
961.11,7,0,0
961.34,4,0,2
961.58,8,2,1
961.81,14,4,2
962.05,12,6,0
962.29,10,5,2
962.52,14,0,4
962.76,9,0,3
962.99,3,0,1
963.23,7,0,2
963.46,12,0,3
963.7,8,8,1
963.94,13,4,9
964.17,4,10,4
964.41,7,5,1
964.65,6,6,3
964.88,4,4,0
965.12,7,1,9
965.36,5,5,2
965.59,9,3,6
965.83,4,0,6
966.07,12,4,5
966.3,6,3,4
966.54,10,5,2
966.78,7,4,0
967.02,7,3,4
967.25,11,2,0
967.49,9,5,4
967.73,4,4,3
967.97,11,0,1
968.2,8,2,2
968.44,8,2,4
968.68,6,1,8
968.92,8,1,2
969.16,3,4,1
969.39,2,10,0
969.63,5,0,6
969.87,7,0,1
970.11,5,4,2
970.35,6,0,2
970.59,12,3,3
970.82,14,0,3
971.06,5,6,0
971.3,8,0,5
971.54,6,0,2
971.78,9,0,5
972.02,11,0,4
972.26,7,5,2
972.5,5,1,1
972.74,7,0,1
972.98,7,2,1
973.22,9,2,0
973.45,13,5,2
973.69,11,1,0
973.93,5,3,0
974.17,6,6,2
974.41,11,4,0
974.65,6,0,0
974.89,10,1,1
975.13,8,2,0
975.37,10,0,0
975.61,2,3,0
975.85,12,2,1
976.1,6,1,3
976.34,0,2,0
976.58,10,1,0
976.82,7,1,0
977.06,2,6,1
977.3,9,2,2
977.54,6,5,0
977.78,7,2,9
978.02,7,3,2
978.26,10,0,5
978.5,8,0,7
978.75,1,0,2
978.99,8,5,7
979.23,8,2,3
979.47,11,1,2
979.71,7,1,5
979.95,5,0,1
980.2,6,0,6
980.44,8,0,5
980.68,7,0,2
980.92,6,7,5
981.16,4,2,3
981.41,10,3,1
981.65,8,0,0
981.89,6,0,1
982.13,12,9,2
982.38,8,3,6
982.62,7,3,7
982.86,5,0,4
983.11,5,1,4
983.35,5,4,4
983.59,7,0,5
983.83,5,2,1
984.08,9,0,0
984.32,8,5,0
984.56,6,2,0
984.81,6,0,6
985.05,9,6,1
985.29,8,1,3
985.54,3,4,2
985.78,10,0,3
986.03,5,1,0
986.27,6,7,3
986.51,13,2,3
986.76,12,8,6
987,8,4,4
987.25,10,8,1
987.49,6,6,5