WL,Data,Data,data
365.73,0,0,0
365.91,3,11,7
366.09,6,12,10
366.28,5,15,13
366.46,8,11,18
366.64,12,15,8
366.83,13,8,9
367.01,8,9,12
367.19,7,12,14
367.38,5,10,14
367.56,8,7,13
367.74,14,6,7
367.93,4,14,8
368.11,5,9,7
368.29,7,9,8
368.47,7,10,8
368.66,10,9,10
368.84,12,9,10
369.02,11,5,14
369.21,10,7,10
369.39,13,9,14
369.57,6,10,12
369.76,11,6,7
369.94,8,6,8
370.12,4,14,10
370.3,12,13,8
370.49,8,5,5
370.67,12,12,11
370.85,10,12,10
371.04,10,12,10
371.22,10,10,11
371.4,8,11,8
371.58,13,12,2
371.77,5,12,5
371.95,14,8,11
372.13,15,10,10
372.31,9,12,16
372.5,7,11,12
372.68,4,6,11
372.86,9,12,15
373.04,12,17,8
373.23,11,10,16
373.41,11,12,8
373.59,2,3,7
373.77,14,7,7
373.96,10,17,12
374.14,7,9,10
374.32,14,6,7
374.5,8,11,9
374.68,11,13,9
374.87,11,10,6
375.05,7,13,5
375.23,7,10,6
375.41,14,15,10
375.6,7,13,10
375.78,10,9,13
375.96,6,11,7
376.14,13,15,13
376.32,6,12,11
376.5,10,11,18
376.69,11,17,12
376.87,7,19,14
377.05,4,12,13
377.23,9,10,11
377.41,13,11,12
377.6,9,13,8
377.78,4,14,8
377.96,6,7,11
378.14,11,10,7
378.32,11,18,9
378.5,7,10,10
378.69,21,23,20
378.87,12,8,6
379.05,8,11,8
379.23,7,15,2
379.41,10,7,10
379.59,11,10,10
379.77,9,5,15
379.96,13,13,10
380.14,12,14,15
380.32,7,9,8
380.5,11,12,15
380.68,7,11,4
380.86,9,9,11
381.04,11,15,10
381.22,9,12,12
381.41,12,8,7
381.59,7,9,10
381.77,11,10,5
381.95,7,7,16
382.13,7,10,10
382.31,12,12,14
382.49,10,12,9
382.67,14,11,11
382.85,7,7,9
383.03,9,10,13
383.22,10,13,11
383.4,5,16,14
383.58,25,20,18
383.76,8,9,13
383.94,12,17,6
384.12,6,10,9
384.3,12,12,5
384.48,13,10,8
384.66,10,10,13
384.84,11,7,12
385.02,9,12,4
385.2,7,14,9
385.38,7,14,6
385.56,2,9,16
385.74,9,14,9
385.92,11,10,4
386.11,4,10,8
386.29,10,6,6
386.47,7,9,6
386.65,6,9,10
386.83,11,13,23
387.01,11,11,11
387.19,14,12,11
387.37,7,11,8
387.55,10,15,13
387.73,9,12,7
387.91,9,4,4
388.09,15,12,9
388.27,7,17,12
388.45,10,13,8
388.63,8,12,11
388.81,10,8,15
388.99,4,17,9
389.17,2,11,7
389.35,12,12,10
389.53,10,11,10
389.71,14,8,10
389.89,15,22,11
390.07,10,11,16
390.25,11,11,6
390.43,10,12,10
390.6,8,10,6
390.78,1,11,4
390.96,10,13,14
391.14,10,10,16
391.32,12,11,10
391.5,9,15,9
391.68,7,5,9
391.86,6,9,11
392.04,10,15,8
392.22,16,19,7
392.4,10,10,6
392.58,9,13,6
392.76,6,6,12
392.94,8,5,8
393.12,11,14,6
393.3,7,9,10
393.47,5,9,8
393.65,5,8,9
393.83,8,21,7
394.01,8,12,12
394.19,8,10,8
394.37,8,12,10
394.55,13,6,9
394.73,9,15,12
394.91,16,12,9
395.09,11,12,16
395.26,12,13,8
395.44,9,10,10
395.62,10,11,13
395.8,13,6,10
395.98,13,9,5
396.16,9,12,10
396.34,14,12,10
396.52,4,9,13
396.69,13,8,10
396.87,12,11,11
397.05,1,14,8
397.23,9,5,13
397.41,6,11,13
397.59,7,6,8
397.76,10,12,10
397.94,15,8,12
398.12,10,14,5
398.3,4,14,7
398.48,7,11,13
398.66,7,15,7
398.83,13,9,14
399.01,5,11,9
399.19,10,13,7
399.37,14,13,11
399.55,6,15,17
399.73,8,19,15
399.9,12,9,13
400.08,9,7,12
400.26,14,7,11
400.44,6,9,14
400.61,13,12,9
400.79,9,13,10
400.97,10,9,5
401.15,11,8,7
401.33,12,17,13
401.5,9,10,14
401.68,5,10,12
401.86,3,15,10
402.04,12,13,15
402.21,8,8,7
402.39,6,9,7
402.57,5,10,11
402.75,11,8,11
402.92,13,9,5
403.1,9,2,12
403.28,5,9,13
403.46,6,17,11
403.63,9,16,16
403.81,12,10,5
403.99,12,13,10
404.17,17,22,23
404.34,14,9,19
404.52,8,13,14
404.7,14,10,10
404.87,9,15,11
405.05,6,13,11
405.23,7,12,10
405.41,7,11,7
405.58,5,9,7
405.76,12,8,8
405.94,4,11,6
406.11,10,12,10
406.29,2,13,7
406.47,16,16,14
406.64,8,7,12
406.82,9,11,7
407,9,16,13
407.17,9,15,10
407.35,4,16,8
407.53,6,15,10
407.7,11,5,10
407.88,8,5,12
408.06,0,14,7
408.23,9,14,8
408.41,14,12,10
408.59,9,17,5
408.76,4,11,11
408.94,8,9,7
409.12,8,11,9
409.29,10,13,13
409.47,6,16,11
409.64,8,12,13
409.82,12,12,9
410,11,13,16
410.17,13,13,16
410.35,13,10,14
410.52,7,11,11
410.7,12,14,14
410.88,6,13,11
411.05,4,14,17
411.23,11,16,8
411.4,10,10,11
411.58,10,9,5
411.76,9,5,8
411.93,7,10,13
412.11,8,14,5
412.28,7,7,6
412.46,4,14,8
412.63,8,11,9
412.81,9,10,13
412.99,7,9,10
413.16,10,10,10
413.34,12,18,2
413.51,11,9,10
413.69,5,5,11
413.86,5,12,5
414.04,13,16,16
414.21,8,9,15
414.39,12,11,15
414.56,9,9,10
414.74,8,10,16
414.92,14,9,10
415.09,8,9,14
415.27,11,7,12
415.44,16,15,11
415.62,11,15,25
415.79,9,14,16
415.97,11,14,15
416.14,8,12,12
416.32,6,12,11
416.49,12,16,10
416.67,8,10,10
416.84,10,14,11
417.01,9,4,10
417.19,10,10,7
417.36,12,8,6
417.54,8,9,2
417.71,9,9,10
417.89,11,10,18
418.06,11,11,9
418.24,12,16,5
418.41,15,14,8
418.59,14,15,5
418.76,9,13,10
418.94,11,16,16
419.11,12,8,15
419.28,12,15,10
419.46,13,17,9
419.63,13,16,9
419.81,20,14,16
419.98,9,12,16
420.16,14,10,10
420.33,3,12,14
420.5,13,14,19
420.68,16,6,8
420.85,11,8,12
421.03,5,13,8
421.2,5,2,14
421.37,7,14,11
421.55,7,11,14
421.72,10,13,9
421.9,8,16,11
422.07,10,11,16
422.24,9,11,10
422.42,12,13,16
422.59,11,9,4
422.76,11,6,7
422.94,7,13,15
423.11,4,14,6
423.28,10,13,8
423.46,4,4,12
423.63,6,12,17
423.8,12,15,14
423.98,14,11,6
424.15,11,8,11
424.32,8,11,13
424.5,6,12,15
424.67,17,15,19
424.84,9,8,8
425.02,13,12,11
425.19,15,13,12
425.36,16,14,10
425.54,12,12,8
425.71,13,9,6
425.88,11,12,14
426.06,15,13,4
426.23,11,12,12
426.4,14,12,17
426.57,4,14,10
426.75,14,15,13
426.92,7,14,18
427.09,12,14,15
427.27,10,10,11
427.44,13,12,6
427.61,10,9,13
427.78,12,4,8
427.96,9,11,11
428.13,12,11,11
428.3,10,17,10
428.47,12,12,9
428.65,7,6,8
428.82,11,4,14
428.99,6,7,12
429.16,13,12,8
429.34,8,12,11
429.51,12,11,11
429.68,13,12,14
429.85,12,12,12
430.02,9,10,8
430.2,10,9,7
430.37,14,11,8
430.54,11,15,11
430.71,14,15,8
430.88,9,8,15
431.06,8,13,11
431.23,14,12,11
431.4,13,14,8
431.57,8,9,10
431.74,12,12,14
431.92,1,8,10
432.09,13,10,9
432.26,11,13,12
432.43,11,8,12
432.6,16,9,11
432.77,12,11,11
432.94,9,9,10
433.12,4,18,15
433.29,9,8,11
433.46,16,18,17
433.63,17,16,11
433.8,11,7,8
433.97,8,14,7
434.14,7,9,10
434.32,11,20,13
434.49,10,15,12
434.66,15,7,12
434.83,12,13,10
435,13,15,12
435.17,30,21,22
435.34,77,68,72
435.51,78,86,93
435.68,41,43,45
435.85,25,25,20
436.03,20,13,13
436.2,12,6,11
436.37,12,10,10
436.54,15,14,12
436.71,13,16,16
436.88,11,10,11
437.05,11,11,11
437.22,11,11,8
437.39,10,12,4
437.56,11,10,11
437.73,13,9,17
437.9,6,14,10
438.07,8,14,10
438.24,17,18,14
438.41,9,13,5
438.58,10,12,11
438.75,12,16,3
438.92,9,8,9
439.09,11,12,15
439.26,8,10,14
439.43,12,8,17
439.6,10,15,15
439.77,10,11,12
439.94,14,8,0
440.11,7,11,7
440.28,11,12,8
440.45,12,16,10
440.62,13,14,10
440.79,9,14,12
440.96,7,16,14
441.13,9,9,10
441.3,10,5,11
441.47,13,5,9
441.64,10,12,5
441.81,13,16,11
441.98,9,14,15
442.15,9,10,20
442.32,16,17,16
442.49,12,15,6
442.66,5,10,10
442.83,10,14,15
443,12,10,12
443.17,10,17,11
443.33,8,10,10
443.5,5,8,16
443.67,9,15,7
443.84,5,14,10
444.01,11,10,14
444.18,16,12,10
444.35,13,12,12
444.52,6,13,10
444.69,11,5,10
444.86,6,13,18
445.02,10,11,8
445.19,9,13,11
445.36,9,11,7
445.53,9,9,9
445.7,11,12,11
445.87,13,15,17
446.04,8,12,9
446.2,7,6,14
446.37,7,8,15
446.54,7,7,10
446.71,13,17,7
446.88,10,13,14
447.05,12,9,11
447.21,7,10,17
447.38,13,15,12
447.55,11,8,7
447.72,10,10,12
447.89,12,16,8
448.06,1,9,15
448.22,8,13,8
448.39,9,14,10
448.56,14,9,17
448.73,9,10,17
448.9,14,11,9
449.06,14,17,7
449.23,11,19,8
449.4,8,17,8
449.57,7,14,10
449.73,9,14,11
449.9,11,7,7
450.07,11,18,14
450.24,13,15,8
450.4,15,6,17
450.57,12,15,10
450.74,11,10,9
450.91,10,16,9
451.07,14,8,9
451.24,7,10,11
451.41,11,13,12
451.58,12,12,10
451.74,14,11,15
451.91,14,11,7
452.08,12,12,17
452.24,12,17,10
452.41,13,10,0
452.58,6,16,11
452.75,11,13,10
452.91,9,8,8
453.08,13,6,12
453.25,5,9,12
453.41,14,13,13
453.58,14,14,19
453.75,3,10,17
453.91,11,11,10
454.08,12,11,7
454.25,14,20,11
454.41,14,16,11
454.58,11,13,14
454.75,6,11,11
454.91,6,8,9
455.08,8,13,12
455.25,10,13,6
455.41,8,10,14
455.58,12,11,10
455.74,17,12,15
455.91,8,12,8
456.08,9,13,4
456.24,11,20,14
456.41,12,10,8
456.57,8,14,18
456.74,6,9,13
456.91,13,12,9
457.07,14,15,13
457.24,10,17,12
457.4,8,13,15
457.57,12,14,6
457.74,12,10,6
457.9,10,14,13
458.07,16,9,13
458.23,6,10,11
458.4,6,15,10
458.56,11,13,12
458.73,10,8,15
458.89,6,16,10
459.06,14,12,9
459.22,10,14,8
459.39,11,10,8
459.56,7,11,12
459.72,4,15,9
459.89,10,20,12
460.05,7,18,11
460.22,16,14,9
460.38,9,11,12
460.55,8,17,14
460.71,0,10,9
460.88,14,16,11
461.04,13,11,13
461.21,7,14,12
461.37,9,9,17
461.54,6,8,15
461.7,14,13,11
461.86,8,17,10
462.03,12,12,14
462.19,13,15,13
462.36,11,13,8
462.52,10,15,5
462.69,8,10,13
462.85,9,17,6
463.02,5,16,10
463.18,10,11,11
463.35,13,16,11
463.51,1,6,17
463.67,14,11,14
463.84,7,15,7
464,11,16,10
464.17,9,13,6
464.33,12,18,14
464.49,10,11,13
464.66,10,9,11
464.82,8,5,10
464.99,5,16,9
465.15,10,11,7
465.31,8,18,13
465.48,15,15,10
465.64,15,18,11
465.8,5,8,14
465.97,10,13,14
466.13,10,18,12
466.3,13,11,7
466.46,6,16,10
466.62,14,17,14
466.79,9,13,7
466.95,5,13,14
467.11,14,13,13
467.28,9,12,11
467.44,10,13,12
467.6,11,9,13
467.77,12,11,8
467.93,11,6,10
468.09,6,10,12
468.25,11,7,13
468.42,10,5,10
468.58,5,10,13
468.74,10,14,12
468.91,11,12,9
469.07,10,15,10
469.23,5,8,13
469.39,10,11,11
469.56,10,11,11
469.72,11,10,9
469.88,8,9,12
470.05,2,14,20
470.21,8,12,12
470.37,12,8,8
470.53,10,15,7
470.69,3,10,11
470.86,8,14,14
471.02,9,11,10
471.18,9,14,11
471.34,12,14,14
471.51,10,10,6
471.67,7,15,14
471.83,4,10,9
471.99,9,14,6
472.15,6,7,12
472.32,11,12,17
472.48,13,15,12
472.64,12,9,9
472.8,14,6,16
472.96,5,6,11
473.13,8,8,11
473.29,8,13,9
473.45,10,11,4
473.61,15,11,9
473.77,15,14,18
473.93,8,7,14
474.09,4,5,14
474.26,13,16,11
474.42,17,7,11
474.58,3,8,13
474.74,8,19,10
474.9,10,16,8
475.06,6,10,8
475.22,9,10,13
475.38,14,8,7
475.55,8,16,15
475.71,10,12,1
475.87,13,14,11
476.03,8,11,11
476.19,10,12,10
476.35,11,11,14
476.51,11,13,11
476.67,11,12,17
476.83,14,13,13
476.99,10,11,12
477.15,14,11,13
477.31,10,11,14
477.47,15,11,6
477.64,9,11,9
477.8,10,14,17
477.96,7,11,9
478.12,16,13,10
478.28,4,14,11
478.44,13,13,11
478.6,14,9,7
478.76,5,13,14
478.92,10,13,10
479.08,8,11,10
479.24,11,13,13
479.4,9,21,15
479.56,10,15,6
479.72,16,8,13
479.88,9,16,14
480.04,15,11,7
480.2,9,19,11
480.36,14,9,13
480.52,13,8,11
480.68,12,17,12
480.84,11,9,14
480.99,15,12,12
481.15,7,11,12
481.31,17,17,15
481.47,16,18,13
481.63,12,17,8
481.79,7,14,16
481.95,8,13,19
482.11,16,15,13
482.27,10,14,15
482.43,13,12,17
482.59,7,17,12
482.75,13,15,12
482.91,12,12,12
483.06,14,21,9
483.22,9,11,13
483.38,21,16,16
483.54,16,19,13
483.7,18,12,14
483.86,18,21,20
484.02,11,13,14
484.18,17,17,15
484.33,17,20,16
484.49,13,17,19
484.65,36,38,40
484.81,15,19,22
484.97,13,25,15
485.13,21,28,23
485.28,21,22,16
485.44,14,15,17
485.6,15,20,18
485.76,21,22,18
485.92,12,17,19
486.08,17,17,23
486.23,15,22,23
486.39,21,21,17
486.55,17,22,18
486.71,19,15,17
486.87,19,17,20
487.02,18,19,19
487.18,15,22,19
487.34,18,20,9
487.5,20,19,18
487.65,13,21,27
487.81,16,21,23
487.97,22,25,22
488.13,21,17,18
488.28,19,22,20
488.44,21,23,15
488.6,20,17,13
488.76,15,18,16
488.91,16,23,12
489.07,14,19,14
489.23,13,18,11
489.38,16,13,19
489.54,15,17,19
489.7,13,20,9
489.85,22,18,17
490.01,15,21,12
490.17,13,17,18
490.33,13,19,18
490.48,23,26,20
490.64,25,23,17
490.8,18,19,17
490.95,20,13,17
491.11,17,13,17
491.27,19,13,21
491.42,16,12,15
491.58,19,19,19
491.73,15,10,16
491.89,17,17,16
492.05,18,18,18
492.2,14,19,15
492.36,17,19,12
492.52,15,16,14
492.67,21,24,20
492.83,15,20,13
492.98,17,18,16
493.14,8,17,14
493.3,16,22,20
493.45,10,15,23
493.61,8,19,16
493.76,22,16,15
493.92,13,19,13
494.07,14,12,18
494.23,14,14,9
494.39,11,13,17
494.54,14,16,12
494.7,16,19,22
494.85,14,13,16
495.01,9,15,16
495.16,10,16,13
495.32,7,20,10
495.47,10,12,13
495.63,12,11,13
495.78,11,13,20
495.94,13,18,14
496.09,17,12,14
496.25,8,16,13
496.4,18,10,15
496.56,14,17,14
496.71,10,13,7
496.87,12,17,7
497.02,12,13,17
497.18,11,14,11
497.33,11,11,15
497.49,11,6,19
497.64,12,12,12
497.8,10,17,17
497.95,9,8,9
498.1,9,10,13
498.26,15,9,13
498.41,8,15,8
498.57,9,13,14
498.72,7,9,12
498.88,10,14,16
499.03,7,13,8
499.18,18,26,15
499.34,11,10,14
499.49,11,10,15
499.65,5,11,21
499.8,7,17,8
499.95,14,14,11
500.11,12,15,1
500.26,15,14,12
500.42,8,13,13
500.57,7,15,11
500.72,8,11,8
500.88,12,13,7
501.03,9,12,14
501.18,10,7,13
501.34,10,10,11
501.49,10,14,6
501.64,13,15,7
501.8,15,13,10
501.95,7,11,8
502.1,15,10,12
502.26,11,11,11
502.41,7,15,7
502.56,6,17,14
502.71,10,10,4
502.87,7,11,16
503.02,8,14,9
503.17,14,13,10
503.33,10,11,8
503.48,12,16,15
503.63,9,12,15
503.78,12,9,12
503.94,12,13,13
504.09,8,13,16
504.24,11,17,12
504.39,10,11,12
504.55,9,8,15
504.7,16,6,17
504.85,7,8,10
505,5,14,12
505.15,10,13,15
505.31,13,12,7
505.46,8,12,9
505.61,14,12,8
505.76,13,13,16
505.91,11,15,13
506.07,9,10,8
506.22,17,11,14
506.37,14,9,13
506.52,10,7,13
506.67,14,15,18
506.83,12,14,13
506.98,11,7,12
507.13,6,14,12
507.28,13,15,16
507.43,6,12,11
507.58,11,14,7
507.73,7,12,16
507.88,12,8,16
508.04,6,16,15
508.19,12,12,7
508.34,15,13,14
508.49,16,14,15
508.64,12,11,13
508.79,12,14,14
508.94,8,10,12
509.09,12,15,8
509.24,14,7,16
509.39,9,8,10
509.55,8,16,13
509.7,6,10,11
509.85,10,11,8
510,8,10,12
510.15,4,3,9
510.3,11,3,7
510.45,3,9,8
510.6,16,12,16
510.75,8,13,13
510.9,15,11,8
511.05,8,11,7
511.2,20,15,17
511.35,10,11,7
511.5,10,12,11
511.65,7,8,8
511.8,5,16,13
511.95,8,11,11
512.1,5,2,14
512.25,16,7,8
512.4,7,13,6
512.55,6,9,9
512.7,10,8,14
512.85,4,4,11
513,8,12,9
513.15,18,18,11
513.3,15,11,13
513.45,15,14,19
513.59,11,12,12
513.74,8,8,10
513.89,14,7,8
514.04,8,14,10
514.19,8,13,13
514.34,12,10,11
514.49,10,12,10
514.64,14,10,7
514.79,10,10,15
514.94,7,10,12
515.09,12,6,7
515.23,17,19,9
515.38,13,16,8
515.53,12,7,7
515.68,9,10,9
515.83,13,15,11
515.98,9,13,11
516.13,5,11,10
516.27,6,10,9
516.42,10,14,13
516.57,4,15,12
516.72,9,9,11
516.87,6,11,10
517.01,14,14,12
517.16,11,10,9
517.31,17,9,10
517.46,10,19,21
517.61,13,12,14
517.75,4,10,14
517.9,7,15,7
518.05,8,11,10
518.2,17,18,18
518.35,12,11,10
518.49,9,9,10
518.64,11,12,0
518.79,13,13,14
518.94,11,14,15
519.08,8,12,9
519.23,16,16,11
519.38,10,6,7
519.52,9,15,7
519.67,8,15,7
519.82,10,10,11
519.97,13,16,14
520.11,11,12,10
520.26,8,11,9
520.41,8,10,9
520.55,6,10,12
520.7,13,11,12
520.85,12,11,15
520.99,7,13,9
521.14,10,12,9
521.29,14,13,13
521.43,11,15,5
521.58,8,8,12
521.73,11,14,17
521.87,14,15,6
522.02,9,7,10
522.17,9,12,4
522.31,12,9,14
522.46,5,12,12
522.6,11,9,7
522.75,10,14,11
522.9,8,10,8
523.04,5,10,7
523.19,15,8,9
523.33,15,12,7
523.48,8,18,15
523.63,10,11,11
523.77,6,17,18
523.92,7,16,5
524.06,12,8,15
524.21,8,11,12
524.35,6,11,6
524.5,4,9,10
524.64,3,14,11
524.79,12,10,7
524.94,9,9,13
525.08,16,11,12
525.23,12,12,10
525.37,13,14,7
525.52,7,8,12
525.66,2,12,7
525.81,9,15,14
525.95,12,12,16
526.1,9,9,16
526.24,12,8,9
526.39,10,12,8
526.53,11,10,12
526.67,9,10,12
526.82,10,8,15
526.96,2,11,8
527.11,6,12,11
527.25,13,12,11
527.4,7,13,9
527.54,10,14,11
527.69,6,10,5
527.83,11,13,7
527.97,13,11,5
528.12,11,11,9
528.26,9,14,15
528.41,10,1,8
528.55,7,20,12
528.69,12,7,12
528.84,6,14,10
528.98,7,15,14
529.12,15,9,11
529.27,12,16,11
529.41,7,10,11
529.56,13,4,10
529.7,6,8,13
529.84,12,13,15
529.99,11,11,4
530.13,18,19,11
530.27,1,11,9
530.42,12,11,7
530.56,15,13,10
530.7,11,8,17
530.85,12,14,15
530.99,12,9,17
531.13,17,9,11
531.27,12,11,11
531.42,11,14,6
531.56,15,13,13
531.7,13,14,9
531.85,14,11,11
531.99,11,17,12
532.13,13,15,15
532.27,10,21,15
532.42,13,20,15
532.56,12,14,10
532.7,16,12,18
532.84,15,14,15
532.98,6,13,5
533.13,12,17,20
533.27,20,16,15
533.41,18,21,17
533.55,20,20,16
533.69,15,21,16
533.84,20,11,21
533.98,10,21,16
534.12,15,14,22
534.26,14,16,18
534.4,17,21,12
534.55,14,19,16
534.69,22,18,19
534.83,22,24,26
534.97,24,25,22
535.11,21,28,23
535.25,29,25,24
535.39,25,25,26
535.54,29,21,24
535.68,28,27,18
535.82,30,35,32
535.96,32,30,28
536.1,30,31,38
536.24,37,39,37
536.38,44,41,35
536.52,44,49,44
536.66,45,59,53
536.8,59,63,55
536.94,60,65,62
537.09,69,68,72
537.23,63,64,64
537.37,62,69,60
537.51,67,67,60
537.65,64,63,56
537.79,66,65,63
537.93,63,74,65
538.07,69,71,65
538.21,64,75,64
538.35,65,62,69
538.49,68,64,66
538.63,71,68,62
538.77,65,57,65
538.91,67,58,66
539.05,68,59,71
539.19,57,61,55
539.33,58,60,52
539.47,55,61,52
539.61,47,49,52
539.75,51,55,50
539.89,46,51,48
540.02,48,48,49
540.16,61,57,61
540.3,96,99,95
540.44,99,107,100
540.58,70,80,65
540.72,51,55,54
540.86,45,47,56
541,42,38,34
541.14,31,35,31
541.28,29,24,30
541.42,26,25,26
541.56,20,26,26
541.69,23,25,25
541.83,26,29,34
541.97,20,24,17
542.11,22,20,21
542.25,25,22,17
542.39,18,22,21
542.53,26,24,21
542.66,26,25,23
542.8,22,25,30
542.94,24,26,23
543.08,20,27,20
543.22,32,36,30
543.35,27,30,29
543.49,26,26,24
543.63,24,27,25
543.77,32,27,31
543.91,23,22,26
544.04,20,19,27
544.18,22,24,23
544.32,18,19,25
544.46,16,24,23
544.59,18,27,24
544.73,12,23,17
544.87,16,24,23
545.01,21,23,25
545.14,18,28,19
545.28,13,22,22
545.42,17,21,16
545.56,24,23,20
545.69,23,14,18
545.83,13,20,17
545.97,21,25,10
546.1,22,22,22
546.24,20,23,24
546.38,17,18,22
546.51,14,21,24
546.65,11,22,17
546.79,17,19,22
546.92,18,21,14
547.06,24,17,15
547.2,22,16,18
547.33,14,22,11
547.47,14,18,17
547.61,21,17,20
547.74,18,12,12
547.88,13,18,6
548.01,11,12,9
548.15,16,15,16
548.29,9,17,9
548.42,22,15,17
548.56,13,17,18
548.69,15,9,12
548.83,11,8,10
548.97,16,12,11
549.1,15,19,14
549.24,16,13,11
549.37,12,17,11
549.51,6,13,12
549.64,12,17,8
549.78,10,20,15
549.91,6,13,12
550.05,9,9,13
550.18,11,10,14
550.32,20,14,12
550.45,13,13,11
550.59,14,11,13
550.72,6,11,17
550.86,14,15,9
550.99,5,15,11
551.13,7,9,17
551.26,15,13,13
551.4,9,14,9
551.53,13,16,9
551.67,10,10,13
551.8,12,16,14
551.94,9,17,11
552.07,7,15,10
552.2,5,8,5
552.34,17,6,8
552.47,14,19,12
552.61,8,15,5
552.74,9,17,12
552.88,12,16,8
553.01,7,8,13
553.14,16,9,12
553.28,7,16,10
553.41,13,14,9
553.54,8,11,12
553.68,11,7,16
553.81,15,15,11
553.95,7,11,11
554.08,2,9,7
554.21,10,13,11
554.35,13,10,13
554.48,5,12,9
554.61,11,17,10
554.74,5,12,6
554.88,19,11,12
555.01,11,9,7
555.14,14,13,5
555.28,8,8,15
555.41,13,19,10
555.54,9,11,11
555.68,10,19,6
555.81,9,16,6
555.94,14,13,6
556.07,5,10,10
556.21,11,14,14
556.34,11,7,11
556.47,9,15,13
556.6,12,6,11
556.74,13,12,14
556.87,8,15,12
557,11,7,7
557.13,12,9,11
557.26,7,14,6
557.4,9,7,6
557.53,15,21,15
557.66,11,14,11
557.79,14,9,7
557.92,10,13,9
558.05,18,12,14
558.19,8,13,7
558.32,15,25,13
558.45,12,6,13
558.58,15,9,17
558.71,13,8,11
558.84,8,8,10
558.97,15,13,7
559.11,9,10,7
559.24,13,10,6
559.37,6,7,8
559.5,8,10,6
559.63,14,7,7
559.76,19,17,17
559.89,21,16,11
560.02,15,11,15
560.15,22,12,19
560.28,24,28,19
560.41,28,27,18
560.54,18,17,17
560.67,18,18,16
560.81,15,4,12
560.94,10,16,13
561.07,14,12,13
561.2,9,15,10
561.33,11,11,8
561.46,11,14,16
561.59,11,20,16
561.72,13,18,12
561.85,16,7,8
561.98,9,12,7
562.11,8,11,15
562.24,13,9,12
562.37,7,18,8
562.49,9,19,12
562.62,19,17,11
562.75,9,19,15
562.88,9,14,8
563.01,12,11,14
563.14,13,13,16
563.27,12,10,12
563.4,9,14,16
563.53,6,13,10
563.66,10,8,14
563.79,16,14,7
563.92,12,13,9
564.05,20,9,12
564.17,12,12,5
564.3,19,6,12
564.43,13,9,11
564.56,12,10,12
564.69,15,8,10
564.82,11,11,12
564.95,10,13,14
565.07,9,13,10
565.2,12,13,13
565.33,16,13,12
565.46,12,16,9
565.59,6,10,7
565.71,17,18,9
565.84,21,20,11
565.97,18,20,15
566.1,14,9,14
566.23,15,21,10
566.35,12,21,10
566.48,9,9,11
566.61,9,13,10
566.74,14,12,21
566.86,17,15,14
566.99,11,14,16
567.12,19,9,19
567.25,26,20,25
567.37,23,17,28
567.5,14,15,19
567.63,17,15,12
567.75,12,15,11
567.88,11,11,9
568.01,14,15,7
568.14,10,16,12
568.26,16,14,14
568.39,20,15,19
568.52,16,18,19
568.64,10,16,19
568.77,16,19,16
568.9,19,13,10
569.02,30,27,24
569.15,24,19,22
569.27,21,22,18
569.4,15,20,21
569.53,16,23,15
569.65,18,15,18
569.78,19,18,19
569.91,22,23,16
570.03,24,24,30
570.16,23,23,22
570.28,23,18,24
570.41,21,22,23
570.53,24,20,18
570.66,19,23,22
570.79,17,18,18
570.91,24,20,15
571.04,24,23,19
571.16,22,19,19
571.29,20,24,17
571.41,23,17,23
571.54,23,20,17
571.66,24,24,27
571.79,23,20,24
571.91,24,22,28
572.04,23,21,22
572.16,20,21,16
572.29,28,21,25
572.41,37,28,33
572.54,32,20,24
572.66,23,29,23
572.79,29,28,23
572.91,29,24,31
573.03,33,21,22
573.16,33,27,21
573.28,28,20,25
573.41,33,25,30
573.53,42,28,32
573.66,35,33,30
573.78,37,33,24
573.9,29,20,32
574.03,37,28,34
574.15,34,23,25
574.27,29,23,22
574.4,38,30,31
574.52,41,29,38
574.65,40,36,35
574.77,40,36,31
574.89,40,29,30
575.02,40,31,33
575.14,42,33,28
575.26,49,33,32
575.39,47,31,30
575.51,45,34,31
575.63,52,38,35
575.75,52,46,40
575.88,60,49,44
576,63,49,50
576.12,82,63,65
576.25,85,57,65
576.37,80,55,52
576.49,82,57,53
576.61,101,67,75
576.74,125,74,84
576.86,153,90,95
576.98,374,229,247
577.1,3008,1866,2117
577.23,4043,4054,4053
577.35,4043,4054,4053
577.47,4043,4054,4053
577.59,4043,3272,4053
577.71,4043,4054,4053
577.84,4043,4054,4053
577.96,4043,2666,4053
578.08,4043,1536,2827
578.2,3033,718,891
578.32,756,288,342
578.44,348,151,177
578.57,222,99,113
578.69,141,67,81
578.81,97,52,60
578.93,86,43,52
579.05,73,41,41
579.17,62,36,34
579.29,57,33,40
579.41,43,29,35
579.54,43,33,27
579.66,44,31,26
579.78,41,27,28
579.9,34,26,25
580.02,31,24,27
580.14,39,27,29
580.26,35,31,27
580.38,39,23,24
580.5,29,33,30
580.62,37,25,23
580.74,36,27,27
580.86,36,27,29
580.98,32,28,26
581.1,31,22,28
581.22,28,24,31
581.34,27,18,28
581.46,27,22,23
581.58,25,22,18
581.7,22,17,17
581.82,26,18,23
581.94,20,21,23
582.06,20,21,16
582.18,25,24,16
582.3,21,18,19
582.42,28,25,21
582.54,26,18,19
582.66,20,19,14
582.78,19,15,13
582.9,21,9,24
583.02,17,11,20
583.13,20,15,20
583.25,15,18,13
583.37,14,21,11
583.49,22,19,21
583.61,14,22,20
583.73,17,12,20
583.85,14,19,15
583.97,19,15,21
584.08,16,17,14
584.2,16,14,14
584.32,15,18,11
584.44,12,16,14
584.56,9,11,12
584.68,16,21,14
584.79,17,17,17
584.91,19,22,19
585.03,12,14,18
585.15,15,19,9
585.27,15,11,11
585.38,20,17,18
585.5,19,21,14
585.62,27,18,19
585.74,12,14,16
585.85,20,16,18
585.97,17,19,19
586.09,19,17,18
586.21,10,15,16
586.32,17,15,12
586.44,13,21,17
586.56,12,16,16
586.67,21,16,10
586.79,11,17,15
586.91,22,19,13
587.03,13,14,11
587.14,16,13,13
587.26,14,18,14
587.38,11,13,12
587.49,16,16,8
587.61,10,12,11
587.72,18,21,10
587.84,14,16,10
587.96,17,14,10
588.07,10,13,14
588.19,13,10,14
588.31,18,11,11
588.42,7,14,11
588.54,16,20,20
588.65,9,16,18
588.77,18,16,12
588.89,15,21,15
589,13,9,9
589.12,14,14,11
589.23,6,16,17
589.35,15,18,10
589.46,10,20,12
589.58,12,18,12
589.69,14,11,16
589.81,12,12,15
589.92,14,13,10
590.04,17,20,10
590.15,13,15,16
590.27,14,15,13
590.38,16,11,13
590.5,12,16,11
590.61,10,14,18
590.73,17,17,15
590.84,10,15,15
590.96,7,14,14
591.07,10,13,8
591.19,8,12,17
591.3,12,11,18
591.41,16,11,10
591.53,18,15,12
591.64,13,18,11
591.76,11,12,17
591.87,16,9,13
591.98,13,14,13
592.1,14,9,13
592.21,13,15,8
592.33,9,12,18
592.44,13,12,16
592.55,12,17,17
592.67,17,12,6
592.78,20,20,15
592.89,16,16,18
593.01,14,21,20
593.12,16,18,16
593.23,14,16,19
593.35,20,17,18
593.46,18,25,19
593.57,22,19,17
593.69,18,21,21
593.8,26,16,16
593.91,23,24,25
594.02,21,22,19
594.14,31,26,23
594.25,28,36,25
594.36,31,24,32
594.47,44,35,38
594.59,43,42,47
594.7,55,59,58
594.81,68,62,69
594.92,91,91,89
595.03,104,107,106
595.15,127,116,120
595.26,118,117,119
595.37,108,103,107
595.48,96,96,92
595.59,79,75,78
595.71,61,60,66
595.82,56,57,50
595.93,47,48,50
596.04,39,44,45
596.15,43,40,41
596.26,47,39,45
596.37,33,35,36
596.49,38,37,36
596.6,34,35,37
596.71,32,36,37
596.82,33,31,33
596.93,32,32,32
597.04,31,23,29
597.15,31,36,29
597.26,30,32,35
597.37,36,31,33
597.48,39,24,30
597.59,34,34,34
597.7,25,41,28
597.81,25,26,23
597.92,32,33,32
598.03,27,28,26
598.14,31,30,31
598.25,26,27,28
598.36,30,25,22
598.47,25,20,13
598.58,22,16,23
598.69,27,27,21
598.8,24,18,24
598.91,23,22,24
599.02,24,25,18
599.13,19,17,15
599.24,19,18,21
599.35,17,23,19
599.46,21,17,18
599.57,9,20,11
599.68,12,23,21
599.79,15,21,17
599.9,11,15,15
600.01,20,7,15
600.11,13,18,12
600.22,12,14,15
600.33,16,20,24
600.44,17,17,16
600.55,23,21,19
600.66,18,23,14
600.77,13,20,15
600.87,13,21,18
600.98,15,19,22
601.09,18,21,21
601.2,14,22,15
601.31,16,19,18
601.42,19,22,15
601.52,20,19,16
601.63,15,14,18
601.74,18,17,15
601.85,15,16,19
601.95,18,22,14
602.06,16,14,14
602.17,20,16,17
602.28,13,15,21
602.38,18,22,27
602.49,21,22,11
602.6,19,20,19
602.71,19,17,21
602.81,18,21,16
602.92,17,14,16
603.03,20,19,16
603.13,18,22,15
603.24,19,18,19
603.35,14,17,12
603.45,16,16,10
603.56,18,25,22
603.67,23,21,12
603.77,17,19,19
603.88,21,12,18
603.99,17,14,14
604.09,14,18,14
604.2,14,12,15
604.31,18,11,11
604.41,13,18,18
604.52,8,16,21
604.62,13,16,14
604.73,10,9,18
604.83,16,17,15
604.94,18,13,20
605.05,15,17,17
605.15,13,12,18
605.26,17,11,14
605.36,13,18,15
605.47,15,22,14
605.57,20,19,15
605.68,15,16,12
605.78,14,16,15
605.89,16,12,16
605.99,14,13,17
606.1,12,20,17
606.2,17,16,10
606.31,15,16,16
606.41,14,19,13
606.52,12,13,10
606.62,19,14,14
606.73,4,15,13
606.83,18,15,12
606.93,14,19,16
607.04,10,13,13
607.14,11,10,14
607.25,13,10,14
607.35,14,11,17
607.45,8,14,16
607.56,9,12,12
607.66,14,11,14
607.77,11,13,15
607.87,18,15,14
607.97,17,20,12
608.08,13,18,14
608.18,12,15,15
608.28,13,14,13
608.39,17,16,17
608.49,13,12,20
608.59,13,16,14
608.7,11,11,18
608.8,11,19,17
608.9,15,16,14
609.01,14,12,11
609.11,21,21,21
609.21,13,17,14
609.31,12,18,18
609.42,10,13,20
609.52,14,12,25
609.62,17,17,17
609.72,24,25,25
609.83,16,22,24
609.93,18,25,21
610.03,11,27,24
610.13,17,22,22
610.23,17,22,21
610.34,17,17,14
610.44,21,20,16
610.54,12,15,15
610.64,8,18,17
610.74,11,17,20
610.84,11,16,18
610.95,12,17,10
611.05,14,17,12
611.15,6,17,14
611.25,14,11,14
611.35,11,17,16
611.45,15,15,9
611.55,12,12,12
611.65,11,16,13
611.76,8,10,14
611.86,11,10,12
611.96,14,14,14
612.06,8,14,9
612.16,13,11,12
612.26,7,7,12
612.36,6,8,12
612.46,13,6,10
612.56,6,13,13
612.66,12,11,16
612.76,10,7,13
612.86,12,15,14
612.96,10,13,7
613.06,11,13,7
613.16,14,11,15
613.26,12,13,11
613.36,8,15,10
613.46,8,11,10
613.56,8,11,12
613.66,7,8,6
613.76,11,10,8
613.86,12,11,7
613.96,10,9,9
614.06,7,8,12
614.15,11,12,8
614.25,11,15,15
614.35,7,14,6
614.45,12,11,8
614.55,11,9,4
614.65,15,12,7
614.75,8,13,13
614.85,10,11,14
614.94,10,9,9
615.04,10,10,10
615.14,12,13,8
615.24,13,19,9
615.34,9,12,6
615.44,9,9,12
615.53,10,9,10
615.63,12,12,13
615.73,4,15,12
615.83,7,13,9
615.93,14,16,12
616.02,11,19,15
616.12,11,16,9
616.22,16,13,11
616.32,14,13,13
616.41,11,7,17
616.51,9,8,8
616.61,7,9,12
616.71,6,12,7
616.8,10,21,22
616.9,18,12,14
617,8,5,14
617.09,8,12,7
617.19,15,17,6
617.29,11,13,13
617.38,14,10,11
617.48,8,14,14
617.58,12,9,7
617.67,8,12,8
617.77,6,8,13
617.87,15,20,17
617.96,8,17,12
618.06,8,3,9
618.15,10,10,12
618.25,7,8,11
618.35,3,12,8
618.44,12,23,16
618.54,9,11,10
618.63,7,12,13
618.73,15,15,6
618.82,11,16,3
618.92,5,10,12
619.02,10,4,10
619.11,9,9,9
619.21,7,12,12
619.3,12,18,7
619.4,14,8,11
619.49,14,14,12
619.59,13,11,8
619.68,11,15,3
619.78,5,12,11
619.87,13,9,2
619.96,10,10,11
620.06,12,7,6
620.15,20,9,14
620.25,12,10,15
620.34,11,11,14
620.44,11,11,8
620.53,9,4,15
620.62,11,15,10
620.72,8,9,14
620.81,7,0,14
620.91,2,7,6
621,7,8,8
621.09,14,12,11
621.19,8,10,11
621.28,9,3,14
621.37,12,12,12
621.47,13,12,14
621.56,12,14,7
621.65,12,13,18
621.75,9,10,7
621.84,8,11,12
621.93,6,12,9
622.03,13,17,14
622.12,8,8,12
622.21,5,11,8
622.31,12,17,16
622.4,16,12,15
622.49,12,14,12
622.58,10,14,10
622.68,11,13,16
622.77,10,12,14
622.86,10,15,7
622.95,8,15,10
623.04,11,14,12
623.14,15,13,9
623.23,12,13,11
623.32,11,12,16
623.41,8,15,14
623.5,5,15,20
623.6,12,15,13
623.69,11,6,11
623.78,12,12,16
623.87,3,18,15
623.96,11,12,11
624.05,12,10,7
624.14,12,7,20
624.23,9,11,12
624.33,11,12,8
624.42,10,9,6
624.51,10,15,6
624.6,5,13,4
624.69,7,6,10
624.78,11,10,8
624.87,15,15,12
624.96,5,7,16
625.05,13,7,10
625.14,11,11,10
625.23,11,11,8
625.32,6,14,16
625.41,6,12,9
625.5,13,15,10
625.59,10,15,7
625.68,8,13,11
625.77,14,8,10
625.86,16,16,17
625.95,4,9,11
626.04,13,12,8
626.13,7,8,9
626.22,19,17,12
626.31,27,25,23
626.4,11,15,12
626.49,16,11,13
626.58,19,16,18
626.67,15,16,10
626.75,13,18,12
626.84,12,10,16
626.93,7,13,9
627.02,14,9,7
627.11,6,9,12
627.2,5,11,10
627.29,6,11,5
627.37,8,10,0
627.46,14,12,16
627.55,9,15,12
627.64,5,12,7
627.73,10,8,6
627.82,10,7,16
627.9,18,9,18
627.99,12,12,10
628.08,9,14,13
628.17,7,11,9
628.25,13,16,14
628.34,7,14,10
628.43,7,10,7
628.52,13,15,14
628.6,12,11,9
628.69,7,14,17
628.78,16,25,30
628.87,8,15,12
628.95,12,10,13
629.04,10,4,12
629.13,8,14,14
629.21,10,6,7
629.3,12,12,6
629.39,10,12,16
629.47,16,13,11
629.56,8,10,11
629.65,10,9,5
629.73,2,13,8
629.82,7,12,12
629.9,8,15,14
629.99,13,8,7
630.08,15,14,17
630.16,14,17,14
630.25,6,9,10
630.33,11,18,20
630.42,18,15,7
630.5,12,15,7
630.59,12,10,12
630.68,10,11,14
630.76,8,10,14
630.85,9,7,9
630.93,8,11,6
631.02,10,13,9
631.1,10,15,10
631.19,9,13,11
631.27,9,6,8
631.36,9,14,13
631.44,6,13,13
631.52,11,8,12
631.61,4,7,9
631.69,16,15,14
631.78,8,16,8
631.86,12,10,12
631.95,6,10,9
632.03,13,12,7
632.11,15,11,10
632.2,9,8,14
632.28,6,9,11
632.37,5,11,11
632.45,4,10,10
632.53,14,17,15
632.62,11,14,13
632.7,9,9,7
632.78,14,15,7
632.87,11,7,11
632.95,16,15,12
633.03,9,7,8
633.12,8,14,7
633.2,13,9,11
633.28,7,11,7
633.37,18,10,4
633.45,11,13,10
633.53,9,9,14
633.61,13,13,15
633.7,8,10,14
633.78,12,12,13
633.86,10,13,11
633.94,7,16,14
634.03,10,9,14
634.11,9,11,12
634.19,8,15,13
634.27,10,10,10
634.35,13,4,7
634.44,13,11,11
634.52,12,8,10
634.6,8,14,10
634.68,4,10,18
634.76,13,14,9
634.84,10,12,13
634.92,13,14,11
635.01,6,11,15
635.09,7,8,12
635.17,9,14,8
635.25,9,17,12
635.33,14,14,17
635.41,13,20,7
635.49,17,13,9
635.57,13,10,10
635.65,10,9,14
635.73,7,18,16
635.81,12,11,8
635.89,9,11,15
635.97,11,9,8
636.05,16,12,17
636.13,9,9,12
636.21,11,17,11
636.29,11,15,7
636.37,6,7,9
636.45,11,10,13
636.53,6,19,11
636.61,8,13,16
636.69,10,6,13
636.77,10,10,12
636.85,5,7,17
636.93,14,11,9
637.01,10,13,11
637.09,7,8,13
637.17,13,10,15
637.25,8,12,8
637.33,10,18,10
637.41,7,9,10
637.48,11,15,12
637.56,10,13,9
637.64,9,11,11
637.72,6,12,7
637.8,9,15,7
637.88,9,15,10
637.95,14,7,10
638.03,13,12,11
638.11,10,12,12
638.19,5,13,12
638.27,8,8,7
638.34,4,10,10
638.42,16,9,6
638.5,11,14,7
638.58,7,14,14
638.66,6,9,10
638.73,5,12,9
638.81,12,9,13
638.89,8,5,10
638.96,9,9,6
639.04,9,18,16
639.12,7,14,12
639.2,5,12,17
639.27,11,11,12
639.35,15,14,11
639.43,10,12,12
639.5,7,12,9
639.58,7,17,15
639.66,11,8,12
639.73,15,8,9
639.81,2,15,11
639.88,12,14,13
639.96,5,13,14
640.04,7,13,10
640.11,9,7,9
640.19,12,12,18
640.26,10,4,8
640.34,5,19,8
640.42,11,13,13
640.49,7,9,16
640.57,14,14,5
640.64,10,9,13
640.72,7,12,11
640.79,8,14,8
640.87,8,14,7
640.94,13,3,6
641.02,9,10,12
641.09,13,12,8
641.17,5,10,12
641.24,11,16,8
641.32,13,9,7
641.39,6,13,12
641.47,8,13,11
641.54,9,11,8
641.61,10,8,6
641.69,8,6,10
641.76,6,13,15
641.84,9,8,13
641.91,15,12,10
641.98,13,12,9
642.06,7,9,12
642.13,15,9,6
642.2,7,9,18
642.28,10,9,14
642.35,11,13,15
642.43,11,11,11
642.5,6,14,9
642.57,4,15,9
642.64,13,12,16
642.72,12,11,8
642.79,10,12,10
642.86,13,8,5
642.94,8,12,13
643.01,10,14,15
643.08,5,11,11
643.15,13,11,14
643.23,9,10,16
643.3,17,11,14
643.37,8,6,11
643.44,11,10,12
643.52,11,5,7
643.59,9,5,8
643.66,8,8,8
643.73,14,5,7
643.8,12,9,11
643.88,8,6,8
643.95,8,14,9
644.02,8,10,17
644.09,16,12,8
644.16,9,6,13
644.23,8,11,14
644.3,8,9,15
644.37,9,13,12
644.45,10,16,5
644.52,7,14,16
644.59,5,3,16
644.66,15,9,12
644.73,8,3,7
644.8,20,9,12
644.87,7,8,10
644.94,5,13,6
645.01,11,10,9
645.08,8,8,9
645.15,7,14,5
645.22,11,12,15
645.29,11,14,13
645.36,11,19,9
661,0,0,0
661.08,5,0,0
661.15,3,0,0
661.23,2,0,0
661.3,11,3,0
661.38,6,2,1
661.45,5,3,0
661.53,4,4,2
661.6,0,3,0
661.68,1,2,0
661.75,7,0,0
661.83,10,0,1
661.9,7,4,2
661.98,7,0,0
662.05,10,0,0
662.13,5,2,0
662.21,3,0,0
662.28,10,1,0
662.36,5,0,0
662.43,1,0,0
662.51,5,0,3
662.59,13,6,2
662.66,0,1,0
662.74,5,0,0
662.82,5,4,0
662.89,5,0,1
662.97,9,2,0
663.05,9,0,0
663.12,11,3,0
663.2,4,1,0
663.28,7,0,0
663.35,8,0,0
663.43,5,0,1
663.51,4,0,0
663.59,9,2,0
663.66,12,1,6
663.74,4,0,0
663.82,4,1,2
663.9,2,2,2
663.97,7,0,0
664.05,9,0,0
664.13,3,0,4
664.21,5,0,0
664.29,4,0,0
664.36,16,4,3
664.44,0,0,4
664.52,6,2,2
664.6,5,0,0
664.68,0,0,1
664.76,6,9,0
664.83,4,3,0
664.91,3,0,0
664.99,6,0,5
665.07,5,0,3
665.15,6,7,0
665.23,4,2,1
665.31,4,0,0
665.39,5,0,0
665.47,2,0,0
665.55,5,2,0
665.63,8,0,0
665.71,8,0,5
665.79,6,1,2
665.86,4,3,0
665.94,1,0,0
666.02,1,0,2
666.1,8,6,3
666.18,0,2,1
666.26,6,0,0
666.35,5,0,0
666.43,4,0,1
666.51,1,0,0
666.59,6,4,0
666.67,8,0,1
666.75,0,0,0
666.83,6,2,0
666.91,6,0,0
666.99,1,0,6
667.07,1,0,0
667.15,4,6,0
667.23,1,0,0
667.31,10,4,0
667.4,6,0,3
667.48,8,5,0
667.56,7,0,0
667.64,3,0,0
667.72,0,2,0
667.8,4,0,0
667.89,9,2,0
667.97,0,0,0
668.05,3,0,2
668.13,9,2,0
668.21,1,2,0
668.3,5,0,0
668.38,6,1,1
668.46,6,0,3
668.54,6,0,1
668.63,0,0,0
668.71,9,0,1
668.79,10,1,1
668.87,4,6,0
668.96,10,0,0
669.04,4,0,0
669.12,0,2,2
669.21,10,2,1
669.29,14,2,4
669.37,6,0,0
669.46,0,0,0
669.54,0,0,1
669.62,1,0,1
669.71,8,2,0
669.79,7,0,0
669.87,3,0,0
669.96,6,0,6
670.04,4,0,0
670.13,6,0,2
670.21,2,2,0
670.3,6,1,0
670.38,3,0,1
670.46,0,3,0
670.55,7,6,0
670.63,6,0,1
670.72,6,0,0
670.8,10,0,0
670.89,10,9,5
670.97,5,0,0
671.06,8,7,1
671.14,6,0,0
671.23,8,0,0
671.31,3,1,1
671.4,4,0,0
671.48,8,9,0
671.57,7,3,0
671.65,13,0,0
671.74,8,0,0
671.83,8,0,0
671.91,7,0,0
672,11,0,6
672.08,10,2,10
672.17,12,0,0
672.26,16,1,0
672.34,5,2,0
672.43,4,1,0
672.51,2,0,1
672.6,5,4,0
672.69,2,0,0
672.77,4,1,0
672.86,6,0,0
672.95,3,0,6
673.04,11,6,0
673.12,4,3,0
673.21,4,1,0
673.3,6,2,1
673.38,8,1,0
673.47,6,4,2
673.56,9,0,1
673.65,8,0,2
673.73,2,0,0
673.82,5,0,5
673.91,8,4,0
674,3,0,0
674.08,1,3,2
674.17,7,0,0
674.26,10,4,1
674.35,4,2,6
674.44,6,0,0
674.53,6,0,0
674.61,7,0,0
674.7,3,0,5
674.79,5,0,0
674.88,2,4,1
674.97,9,0,0
675.06,9,2,0
675.15,5,1,0
675.23,6,0,0
675.32,4,0,4
675.41,8,0,1
675.5,1,0,0
675.59,7,3,1
675.68,5,1,5
675.77,3,0,0
675.86,6,3,0
675.95,6,2,1
676.04,4,0,0
676.13,0,0,0
676.22,3,2,0
676.31,8,4,3
676.4,8,0,4
676.49,4,2,0
676.58,6,1,1
676.67,4,0,0
676.76,5,0,3
676.85,10,2,2
676.94,10,1,0
677.03,11,2,0
677.12,4,0,0
677.21,6,0,0
677.3,5,0,0
677.39,10,0,0
677.49,0,0,0
677.58,5,0,0
677.67,9,0,0
677.76,6,0,0
677.85,12,0,0
677.94,12,2,0
678.03,3,0,1
678.13,3,1,0
678.22,10,3,0
678.31,9,1,0
678.4,4,2,0
678.49,7,0,2
678.58,10,2,0
678.68,0,0,0
678.77,6,0,0
678.86,13,8,5
678.95,6,2,0
679.05,7,0,0
679.14,5,0,0
679.23,4,0,1
679.32,4,5,0
679.42,12,4,0
679.51,10,0,3
679.6,5,0,0
679.7,10,0,0
679.79,8,1,0
679.88,1,1,0
679.98,9,0,1
680.07,5,0,0
680.16,7,0,1
680.26,5,1,0
680.35,7,3,0
680.44,9,2,2
680.54,2,0,1
680.63,7,4,0
680.72,4,0,0
680.82,8,0,0
680.91,4,2,3
681.01,8,0,4
681.1,9,0,2
681.2,8,5,1
681.29,8,0,0
681.38,3,4,0
681.48,4,0,0
681.57,8,2,0
681.67,13,5,3
681.76,10,2,0
681.86,10,0,0
681.95,2,4,0
682.05,3,0,3
682.14,8,0,1
682.24,6,2,0
682.33,7,0,3
682.43,2,0,0
682.53,8,1,0
682.62,7,0,0
682.72,4,2,1
682.81,4,6,0
682.91,3,4,0
683,1,6,7
683.1,7,0,0
683.2,10,0,0
683.29,5,0,0
683.39,8,2,0
683.49,4,0,0
683.58,5,0,2
683.68,5,2,0
683.78,3,6,0
683.87,8,1,0
683.97,4,2,0
684.07,9,0,9
684.16,2,6,1
684.26,5,0,3
684.36,6,3,0
684.45,3,0,3
684.55,8,0,1
684.65,4,0,4
684.75,2,1,0
684.84,6,3,1
684.94,5,2,2
685.04,11,1,0
685.14,8,1,0
685.23,12,0,0
685.33,4,0,1
685.43,6,0,0
685.53,4,1,0
685.63,5,0,0
685.72,8,6,2
685.82,7,0,2
685.92,9,2,5
686.02,3,1,0
686.12,7,0,0
686.22,9,1,0
686.32,6,2,1
686.41,10,0,4
686.51,7,1,5
686.61,5,0,5
686.71,8,2,6
686.81,9,4,4
686.91,12,3,0
687.01,4,2,0
687.11,8,0,0
687.21,5,4,0
687.31,6,2,0
687.41,6,0,0
687.51,2,0,0
687.61,5,0,0
687.71,0,1,0
687.81,0,0,0
687.91,7,0,0
688.01,7,0,0
688.11,3,0,0
688.21,11,4,2
688.31,0,0,0
688.41,6,0,0
688.51,9,0,0
688.61,5,0,2
688.71,0,0,3
688.81,10,0,0
688.91,12,0,0
689.01,10,7,2
689.12,5,6,0
689.22,4,4,0
689.32,3,0,0
689.42,10,3,0
689.52,2,2,1
689.62,8,4,0
689.72,5,5,7
689.83,5,0,0
689.93,4,0,2
690.03,11,0,0
690.13,5,0,2
690.23,3,0,1
690.33,9,0,0
690.44,4,0,0
690.54,1,1,2
690.64,3,0,0
690.74,3,2,0
690.85,4,0,0
690.95,10,0,0
691.05,6,0,2
691.15,5,0,0
691.26,6,4,0
691.36,10,6,0
691.46,2,0,0
691.57,4,1,3
691.67,5,4,0
691.77,7,1,0
691.88,1,0,0
691.98,6,0,1
692.08,0,0,0
692.19,6,2,0
692.29,4,0,0
692.39,6,0,0
692.5,4,0,0
692.6,5,2,0
692.71,4,0,0
692.81,6,0,0
692.91,7,3,0
693.02,5,0,0
693.12,6,0,0
693.23,2,0,0
693.33,5,0,4
693.44,4,0,2
693.54,4,0,0
693.65,6,3,0
693.75,8,6,4
693.85,1,4,0
693.96,9,8,3
694.06,17,7,5
694.17,13,1,3
694.28,8,2,1
694.38,5,1,0
694.49,11,2,1
694.59,8,0,5
694.7,4,1,0
694.8,12,0,0
694.91,6,4,0
695.01,8,0,1
695.12,6,5,0
695.23,9,2,4
695.33,2,0,1
695.44,8,0,0
695.54,1,0,0
695.65,4,0,1
695.76,9,0,0
695.86,12,3,0
695.97,5,0,0
696.08,3,0,0
696.18,3,0,0
696.29,6,3,0
696.4,11,6,6
696.5,5,0,0
696.61,2,0,0
696.72,6,0,5
696.83,6,2,0
696.93,2,0,0
697.04,3,1,0
697.15,2,2,0
697.26,0,0,7
697.36,6,0,4
697.47,9,0,0
697.58,9,1,0
697.69,0,0,0
697.79,1,0,0
697.9,3,2,0
698.01,8,0,4
698.12,8,5,0
698.23,4,0,0
698.34,10,1,6
698.44,6,3,2
698.55,12,4,2
698.66,6,0,0
698.77,9,2,7
698.88,9,0,2
698.99,4,10,2
699.1,6,0,0
699.21,4,2,0
699.32,3,1,0
699.42,7,0,0
699.53,8,0,0
699.64,4,1,0
699.75,2,2,0
699.86,7,2,0
699.97,6,1,2
700.08,5,1,0
700.19,13,0,0
700.3,2,0,0
700.41,33,11,7
700.52,129,59,64
700.63,250,147,147
700.74,214,117,111
700.85,71,38,37
700.96,25,11,8
701.07,13,0,0
701.18,10,0,2
701.29,2,0,1
701.4,8,1,0
701.52,9,0,0
701.63,5,1,4
701.74,6,0,3
701.85,4,3,0
701.96,0,0,0
702.07,3,0,0
702.18,6,0,1
702.29,6,0,0
702.4,12,0,0
702.52,4,1,0
702.63,3,0,0
702.74,7,0,0
702.85,10,0,0
702.96,7,3,0
703.07,6,0,3
703.19,9,0,4
703.3,5,0,0
703.41,6,0,0
703.52,7,4,0
703.64,5,0,0
703.75,3,0,0
703.86,2,0,0
703.97,0,1,0
704.09,4,1,0
704.2,5,0,0
704.31,0,0,0
704.42,7,0,1
704.54,4,2,3
704.65,6,2,0
704.76,9,0,0
704.88,3,0,1
704.99,3,0,0
705.1,2,0,0
705.22,14,0,3
705.33,11,0,3
705.45,9,0,0
705.56,8,1,0
705.67,4,0,0
705.79,7,0,0
705.9,7,0,2
706.01,7,7,0
706.13,8,0,0
706.24,10,0,0
706.36,4,3,0
706.47,6,0,0
706.59,4,0,0
706.7,0,0,0
706.82,6,0,0
706.93,5,1,1
707.05,8,0,0
707.16,5,0,0
707.28,0,1,0
707.39,8,0,0
707.51,5,0,0
707.62,2,0,2
707.74,10,5,0
707.85,17,7,3
707.97,54,23,22
708.08,121,76,70
708.2,153,82,88
708.31,88,45,42
708.43,30,19,16
708.55,18,7,2
708.66,13,5,0
708.78,10,0,0
708.89,8,2,0
709.01,4,0,4
709.13,10,2,1
709.24,6,4,6
709.36,4,0,7
709.48,5,2,2
709.59,8,5,5
709.71,11,6,1
709.83,10,0,0
709.94,13,6,6
710.06,15,0,3
710.18,0,0,4
710.3,5,0,4
710.41,6,0,0
710.53,7,3,5
710.65,7,1,2
710.77,2,5,4
710.88,4,0,0
711,7,1,0
711.12,4,1,0
711.24,0,1,4
711.35,8,2,0
711.47,10,0,0
711.59,3,0,1
711.71,9,0,0
711.83,1,0,1
711.94,3,2,0
712.06,7,0,0
712.18,16,10,8
712.3,3,1,1
712.42,12,1,1
712.54,4,0,2
712.66,6,0,1
712.78,9,0,0
712.89,11,0,4
713.01,11,7,0
713.13,11,3,0
713.25,8,0,2
713.37,4,0,0
713.49,0,0,0
713.61,1,0,0
713.73,7,0,0
713.85,9,1,1
713.97,7,2,1
714.09,3,1,0
714.21,11,3,8
714.33,21,7,13
714.45,18,8,9
714.57,13,4,0
714.69,11,1,0
714.81,2,0,0
714.93,8,0,1
715.05,2,0,0
715.17,7,0,0
715.29,3,3,0
715.41,7,4,4
715.53,8,3,0
715.65,4,1,0
715.78,5,0,1
715.9,5,0,0
716.02,11,1,4
716.14,7,0,0
716.26,4,4,1
716.38,4,0,0
716.5,3,0,0
716.62,6,0,0
716.75,6,0,0
716.87,8,4,0
716.99,7,1,8
717.11,2,0,0
717.23,6,6,0
717.36,9,0,2
717.48,4,0,0
717.6,3,5,3
717.72,5,0,0
717.85,5,2,0
717.97,4,0,0
718.09,8,5,0
718.21,3,0,0
718.34,10,0,0
718.46,9,1,1
718.58,2,0,2
718.7,2,0,0
718.83,6,0,1
718.95,2,0,0
719.07,5,1,0
719.2,0,0,0
719.32,10,2,0
719.44,4,6,0
719.57,2,1,0
719.69,10,0,1
719.82,9,1,0
719.94,5,4,0
720.06,6,0,0
720.19,6,0,3
720.31,7,9,0
720.44,8,0,2
720.56,8,4,0
720.68,3,0,0
720.81,8,0,0
720.93,5,0,0
721.06,9,4,0
721.18,5,3,0
721.31,8,0,1
721.43,5,0,0
721.56,5,0,0
721.68,4,0,2
721.81,1,0,0
721.93,6,0,0
722.06,4,0,1
722.18,10,4,0
722.31,7,4,0
722.43,7,0,2
722.56,5,0,0
722.68,4,0,0
722.81,6,0,2
722.94,7,4,8
723.06,2,0,2
723.19,2,0,0
723.31,7,0,0
723.44,6,0,0
723.57,2,0,0
723.69,7,4,3
723.82,9,0,0
723.95,3,0,0
724.07,10,0,0
724.2,3,0,0
724.33,7,0,0
724.45,8,0,2
724.58,35,17,19
724.71,58,33,32
724.83,56,28,25
724.96,26,11,9
725.09,14,8,3
725.21,13,0,2
725.34,7,3,0
725.47,0,7,0
725.6,6,3,0
725.72,8,0,1
725.85,9,0,0
725.98,2,5,0
726.11,6,0,3
726.24,2,0,1
726.36,4,0,0
726.49,4,0,0
726.62,7,0,0
726.75,5,0,0
726.88,3,3,4
727.01,5,0,0
727.13,0,3,0
727.26,0,1,0
727.39,0,2,0
727.52,8,0,0
727.65,6,0,0
727.78,9,3,0
727.91,6,0,0
728.04,6,0,0
728.17,3,2,0
728.29,6,0,1
728.42,8,0,2
728.55,6,0,5
728.68,3,0,0
728.81,6,0,1
728.94,4,0,5
729.07,7,3,4
729.2,5,0,0
729.33,8,0,3
729.46,1,0,0
729.59,7,4,0
729.72,10,5,0
729.85,5,0,5
729.98,6,2,2
730.11,14,2,0
730.24,0,0,4
730.37,6,0,0
730.51,2,7,0
730.64,10,2,0
730.77,3,1,0
730.9,3,0,0
731.03,3,0,0
731.16,7,0,0
731.29,14,9,2
731.42,12,0,0
731.55,7,4,0
731.69,5,9,2
731.82,7,5,2
731.95,8,2,2
732.08,9,1,4
732.21,5,0,0
732.34,0,0,1
732.48,3,0,0
732.61,3,3,0
732.74,11,1,1
732.87,4,0,1
733,6,0,5
733.14,3,0,1
733.27,9,0,5
733.4,8,1,0
733.53,14,1,1
733.67,9,6,0
733.8,10,4,6
733.93,6,0,0
734.07,10,0,2
734.2,28,9,1
734.33,129,56,51
734.47,233,138,132
734.6,239,138,134
734.73,125,68,61
734.87,53,23,25
735,22,7,13
735.13,10,3,5
735.27,8,0,0
735.4,7,0,0
735.53,9,3,0
735.67,1,0,0
735.8,6,0,0
735.94,5,7,0
736.07,7,4,2
736.2,9,0,1
736.34,4,1,0
736.47,11,4,0
736.61,6,4,4
736.74,8,0,3
736.88,10,1,1
737.01,13,8,7
737.15,13,2,3
737.28,8,0,3
737.42,6,3,3
737.55,3,0,2
737.69,6,0,0
737.82,0,0,1
737.96,3,2,4
738.09,9,0,0
738.23,6,4,0
738.36,4,1,1
738.5,3,0,1
738.64,4,3,1
738.77,5,0,3
738.91,5,0,0
739.04,2,0,0
739.18,8,0,0
739.32,14,2,0
739.45,10,3,0
739.59,3,1,0
739.72,5,2,0
739.86,8,0,1
740,3,0,0
740.13,0,0,0
740.27,8,0,3
740.41,7,0,1
740.54,3,0,0
740.68,4,0,3
740.82,4,0,0
740.96,4,1,0
741.09,4,1,0
741.23,11,2,0
741.37,7,0,0
741.51,8,0,0
741.64,5,4,0
741.78,8,0,0
741.92,8,1,1
742.06,0,0,0
742.19,4,0,0
742.33,1,0,2
742.47,11,0,0
742.61,8,2,0
742.75,9,4,0
742.89,4,4,5
743.02,4,5,4
743.16,12,0,0
743.3,2,1,0
743.44,5,0,0
743.58,8,0,0
743.72,2,0,1
743.86,14,2,1
744,8,0,0
744.13,8,1,0
744.27,4,0,0
744.41,4,0,0
744.55,8,3,10
744.69,5,1,1
744.83,4,0,4
744.97,10,0,2
745.11,8,0,0
745.25,12,1,0
745.39,13,2,3
745.53,70,27,29
745.67,175,91,93
745.81,204,120,129
745.95,137,75,80
746.09,65,29,38
746.23,32,11,11
746.37,18,10,9
746.51,41,16,17
746.65,126,56,59
746.79,199,111,112
746.93,175,95,92
747.07,86,47,43
747.22,43,14,15
747.36,26,4,8
747.5,15,4,4
747.64,14,0,0
747.78,8,0,0
747.92,15,3,2
748.06,3,1,0
748.2,4,2,3
748.35,6,0,0
748.49,8,5,2
748.63,4,0,0
748.77,5,0,0
748.91,8,4,0
749.05,8,0,0
749.2,12,0,0
749.34,12,8,0
749.48,8,1,0
749.62,7,3,0
749.77,10,4,0
749.91,4,1,2
750.05,5,0,0
750.19,1,0,0
750.34,9,2,0
750.48,10,0,0
750.62,10,0,0
750.76,5,0,0
750.91,9,0,1
751.05,4,4,1
751.19,5,0,0
751.34,6,0,0
751.48,7,0,2
751.62,4,2,1
751.77,3,0,0
751.91,4,1,0
752.06,4,1,0
752.2,0,0,5
752.34,5,0,0
752.49,10,0,0
752.63,7,0,2
752.78,4,0,3
752.92,6,0,0
753.06,8,3,0
753.21,11,6,1
753.35,6,0,0
753.5,4,0,0
753.64,5,0,0
753.79,4,4,1
753.93,13,1,0
754.08,6,0,1
754.22,12,2,3
754.37,6,1,0
754.51,4,0,0
754.66,7,1,0
754.8,10,0,3
754.95,11,0,1
755.09,6,0,0
755.24,10,2,0
755.38,6,0,0
755.53,8,0,2
755.68,6,2,0
755.82,9,0,0
755.97,7,6,3
756.11,10,2,3
756.26,10,0,1
756.41,8,0,0
756.55,8,0,5
756.7,9,2,0
756.85,12,0,2
756.99,11,1,2
757.14,13,7,6
757.29,6,2,0
757.43,4,0,0
757.58,8,0,0
757.73,14,0,2
757.87,9,1,4
758.02,10,0,3
758.17,10,5,0
758.31,14,5,4
758.46,22,0,5
758.61,107,32,32
758.76,490,231,237
758.9,898,508,523
759.05,843,500,492
759.2,430,240,250
759.35,198,109,103
759.5,88,42,43
759.64,45,16,20
759.79,22,9,9
759.94,16,4,9
760.09,17,1,10
760.24,5,0,0
760.39,9,0,4
760.53,2,1,0
760.68,8,0,1
760.83,8,4,1
760.98,5,0,6
761.13,5,3,0
761.28,8,0,0
761.43,13,1,2
761.58,7,0,0
761.73,10,0,1
761.87,40,15,10
762.02,89,31,36
762.17,75,25,33
762.32,45,12,17
762.47,19,2,0
762.62,10,4,5
762.77,5,0,0
762.92,13,3,0
763.07,13,4,4
763.22,3,0,0
763.37,6,0,0
763.52,1,3,0
763.67,3,0,0
763.82,9,3,0
763.97,8,0,0
764.12,7,3,0
764.27,3,0,0
764.43,8,0,1
764.58,12,0,4
764.73,4,0,0
764.88,4,2,0
765.03,22,10,16
765.18,7,10,0
765.33,11,0,2
765.48,23,2,0
765.63,42,11,10
765.79,49,12,19
765.94,27,6,4
766.09,19,4,2
766.24,11,0,0
766.39,9,5,0
766.54,8,2,4
766.7,9,0,0
766.85,0,0,0
767,8,0,3
767.15,5,0,6
767.3,6,2,0
767.46,4,2,0
767.61,8,5,8
767.76,7,0,0
767.91,17,0,0
768.07,39,7,12
768.22,175,74,72
768.37,324,177,173
768.53,303,176,178
768.68,176,94,91
768.83,84,49,41
768.98,39,18,24
769.14,23,3,0
769.29,14,6,0
769.44,15,5,1
769.6,5,1,0
769.75,7,2,1
769.91,7,0,0
770.06,5,0,0
770.21,4,0,0
770.37,9,0,1
770.52,7,0,0
770.68,4,0,0
770.83,6,0,0
770.98,9,2,0
771.14,8,0,0
771.29,7,0,0
771.45,0,0,3
771.6,3,0,0
771.76,6,0,1
771.91,7,3,2
772.07,4,0,0
772.22,7,3,4
772.38,3,1,0
772.53,6,0,0
772.69,8,0,0
772.84,10,4,7
773,8,0,0
773.15,5,2,0
773.31,4,3,0
773.46,9,2,0
773.62,3,0,2
773.77,14,0,0
773.93,12,0,0
774.09,9,0,0
774.24,5,0,3
774.4,5,4,0
774.55,9,0,2
774.71,9,0,0
774.87,2,5,0
775.02,0,4,0
775.18,4,0,3
775.34,2,7,0
775.49,10,0,0
775.65,8,1,0
775.81,0,1,0
775.96,3,2,2
776.12,4,0,1
776.28,8,3,0
776.44,10,0,1
776.59,3,0,0
776.75,10,0,0
776.91,17,0,1
777.07,10,0,0
777.22,8,0,4
777.38,0,0,0
777.54,6,2,0
777.7,13,3,3
777.85,8,0,0
778.01,6,3,0
778.17,5,0,1
778.33,5,8,0
778.49,4,1,1
778.64,3,2,0
778.8,0,0,0
778.96,3,0,1
779.12,0,3,1
779.28,11,0,0
779.44,13,2,0
779.6,2,1,0
779.76,8,0,0
779.91,10,0,0
780.07,3,2,0
780.23,7,3,0
780.39,6,0,0
780.55,3,0,0
780.71,5,4,1
780.87,6,0,0
781.03,7,3,2
781.19,5,0,0
781.35,3,0,0
781.51,9,3,0
781.67,9,0,0
781.83,12,0,0
781.99,2,1,0
782.15,6,7,0
782.31,7,0,0
782.47,6,4,2
782.63,3,0,0
782.79,0,0,0
782.95,6,0,0
783.11,0,0,0
783.27,10,0,0
783.43,6,0,0
783.59,5,0,0
783.76,3,2,0
783.92,5,0,3
784.08,9,1,0
784.24,5,0,0
784.4,6,1,7
784.56,6,0,5
784.72,9,3,2
784.88,7,0,0
785.05,3,0,0
785.21,3,0,0
785.37,3,2,0
785.53,4,0,0
785.69,7,0,0
785.86,6,0,1
786.02,7,2,0
786.18,5,0,0
786.34,3,0,0
786.5,11,5,2
786.67,4,2,1
786.83,2,0,2
786.99,2,0,0
787.16,7,0,0
787.32,3,0,0
787.48,6,0,0
787.64,8,2,1
787.81,4,4,1
787.97,4,0,0
788.13,2,0,0
788.3,6,1,2
788.46,0,0,2
788.62,5,5,0
788.79,9,0,2
788.95,7,0,0
789.11,4,0,2
789.28,5,0,0
789.44,7,0,0
789.61,0,0,0
789.77,5,2,0
789.93,1,0,0
790.1,3,0,0
790.26,7,5,6
790.43,6,0,0
790.59,11,2,1
790.76,9,1,0
790.92,2,1,0
791.09,11,0,0
791.25,2,0,0
791.42,8,0,1
791.58,5,3,0
791.75,4,0,0
791.91,7,0,5
792.08,4,0,0
792.24,6,2,2
792.41,11,0,1
792.57,0,0,0
792.74,5,0,0
792.9,3,1,0
793.07,7,5,0
793.23,9,0,0
793.4,8,0,4
793.57,10,0,5
793.73,12,3,0
793.9,13,8,0
794.06,60,22,19
794.23,174,86,89
794.4,239,128,135
794.56,162,85,85
794.73,84,45,43
794.9,43,20,24
795.06,16,8,6
795.23,19,5,4
795.4,12,3,5
795.56,9,0,3
795.73,10,0,0
795.9,4,0,0
796.07,4,1,0
796.23,4,0,5
796.4,8,1,3
796.57,6,0,0
796.74,4,2,0
796.9,7,0,0
797.07,7,4,2
797.24,7,2,0
797.41,16,1,0
797.57,11,0,5
797.74,9,1,0
797.91,6,0,0
798.08,7,0,0
798.25,1,0,0
798.42,1,0,0
798.58,6,0,3
798.75,4,3,0
798.92,1,3,2
799.09,6,1,0
799.26,5,0,2
799.43,11,3,4
799.6,2,0,0
799.77,6,1,0
799.93,4,0,0
800.1,3,0,1
800.27,5,0,0
800.44,4,0,0
800.61,0,0,0
800.78,2,1,1
800.95,11,1,8
801.12,8,1,0
801.29,39,13,14
801.46,111,50,47
801.63,129,67,72
801.8,92,47,47
801.97,50,23,26
802.14,24,15,15
802.31,41,21,22
802.48,128,62,60
802.65,208,126,115
802.82,186,108,106
802.99,102,55,50
803.16,59,27,25
803.33,28,17,21
803.51,16,5,2
803.68,16,0,3
803.85,6,5,5
804.02,3,0,0
804.19,16,0,1
804.36,10,0,3
804.53,2,0,0
804.7,6,0,0
804.88,15,3,0
805.05,4,0,0
805.22,9,2,9
805.39,4,0,0
805.56,6,0,0
805.73,11,0,0
805.91,0,1,0
806.08,4,0,0
806.25,7,0,0
806.42,10,0,0
806.6,9,0,0
806.77,8,0,0
806.94,3,0,0
807.11,5,0,2
807.29,1,0,5
807.46,5,6,0
807.63,4,2,0
807.8,10,0,0
807.98,13,0,0
808.15,8,0,0
808.32,2,0,1
808.5,9,3,5
808.67,8,0,0
808.84,9,2,1
809.02,9,1,0
809.19,4,1,3
809.36,4,0,2
809.54,4,0,2
809.71,6,0,0
809.89,11,0,0
810.06,6,0,0
810.23,8,2,0
810.41,2,0,2
810.58,2,1,0
810.76,4,0,0
810.93,9,0,0
811.11,11,0,0
811.28,3,0,0
811.45,3,0,0
811.63,12,2,5
811.8,5,0,1
811.98,5,6,0
812.15,5,0,0
812.33,10,7,0
812.5,2,4,0
812.68,6,2,0
812.86,8,2,1
813.03,8,0,0
813.21,5,1,6
813.38,6,3,0
813.56,14,0,1
813.73,23,4,0
813.91,77,33,30
814.08,220,119,107
814.26,297,180,173
814.44,212,126,125
814.61,113,63,61
814.79,73,29,30
814.97,42,20,24
815.14,31,9,11
815.32,67,14,24
815.5,321,133,123
815.67,822,425,434
815.85,984,550,555
816.03,587,331,334
816.2,306,178,170
816.38,152,85,82
816.56,81,44,47
816.73,40,21,17
816.91,26,11,5
817.09,14,10,7
817.27,14,2,1
817.44,9,1,0
817.62,9,0,8
817.8,10,1,0
817.98,8,1,2
818.15,3,0,0
818.33,7,1,4
818.51,15,7,0
818.69,11,0,0
818.87,4,0,0
819.04,11,0,0
819.22,2,0,0
819.4,7,0,0
819.58,8,0,1
819.76,5,0,0
819.94,0,1,0
820.12,4,0,0
820.29,6,0,6
820.47,2,1,0
820.65,0,0,0
820.83,6,0,0
821.01,4,0,0
821.19,5,3,0
821.37,7,0,1
821.55,6,2,3
821.73,10,0,2
821.91,7,0,0
822.09,8,0,3
822.27,10,1,2
822.45,4,4,0
822.63,3,0,0
822.81,8,0,2
822.99,9,0,0
823.17,7,0,1
823.35,6,0,0
823.53,9,0,1
823.71,10,0,4
823.89,8,3,0
824.07,4,7,0
824.25,2,5,4
824.43,6,0,1
824.61,14,0,6
824.79,24,3,6
824.97,42,11,21
825.15,39,22,11
825.34,30,12,0
825.52,18,7,3
825.7,13,0,3
825.88,14,0,0
826.06,8,0,0
826.24,16,0,7
826.42,49,16,9
826.61,92,27,44
826.79,83,28,34
826.97,43,15,17
827.15,23,6,8
827.33,14,6,5
827.52,11,0,3
827.7,4,0,0
827.88,6,4,0
828.06,12,2,2
828.25,8,0,0
828.43,5,1,2
828.61,10,0,0
828.79,10,0,2
828.98,8,0,1
829.16,1,0,0
829.34,5,0,0
829.52,10,0,0
829.71,4,1,0
829.89,13,2,1
830.07,1,2,0
830.26,4,0,0
830.44,10,9,3
830.62,8,8,0
830.81,2,3,3
830.99,2,0,0
831.18,4,0,3
831.36,6,4,0
831.54,1,0,6
831.73,6,0,0
831.91,8,0,0
832.1,4,6,0
832.28,11,0,4
832.46,1,0,6
832.65,9,8,6
832.83,6,0,0
833.02,9,0,0
833.2,5,0,0
833.39,0,0,3
833.57,9,0,2
833.76,4,0,0
833.94,4,1,0
834.13,11,0,4
834.31,4,0,3
834.5,9,1,0
834.68,9,0,0
834.87,7,0,1
835.06,11,0,3
835.24,4,0,0
835.43,4,0,0
835.61,5,0,3
835.8,15,8,5
835.98,16,5,0
836.17,38,16,13
836.36,130,73,71
836.54,210,118,116
836.73,159,94,90
836.92,83,45,48
837.1,53,26,25
837.29,30,16,16
837.47,22,12,6
837.66,15,7,0
837.85,5,0,7
838.04,6,0,2
838.22,7,0,0
838.41,10,1,2
838.6,8,0,0
838.78,10,0,5
838.97,7,1,3
839.16,9,0,0
839.35,6,1,0
839.53,4,3,0
839.72,3,4,0
839.91,9,0,0
840.1,15,6,0
840.28,4,0,4
840.47,7,4,4
840.66,6,1,0
840.85,7,0,1
841.04,10,5,5
841.22,4,0,0
841.41,8,0,0
841.6,0,0,0
841.79,5,3,0
841.98,5,3,0
842.17,6,0,0
842.36,4,0,6
842.55,6,0,6
842.73,3,0,0
842.92,9,0,0
843.11,9,0,0
843.3,5,0,2
843.49,6,2,0
843.68,7,0,0
843.87,1,0,4
844.06,8,0,2
844.25,13,13,13
844.44,8,0,2
844.63,10,0,0
844.82,4,3,1
845.01,1,1,8
845.2,6,0,0
845.39,3,0,2
845.58,4,4,2
845.77,10,2,0
845.96,3,3,0
846.15,5,0,0
846.34,4,0,4
846.53,2,4,3
846.72,1,0,0
846.91,4,2,0
847.1,4,0,4
847.29,0,5,0
847.48,6,2,0
847.68,2,0,2
847.87,2,0,2
848.06,0,0,3
848.25,0,0,1
848.44,6,0,0
848.63,9,4,4
848.82,4,3,0
849.02,8,0,0
849.21,8,1,0
849.4,5,0,4
849.59,3,0,1
849.78,5,0,0
849.98,8,0,0
850.17,5,1,2
850.36,3,0,0
850.55,7,0,0
850.74,3,1,0
850.94,8,0,0
851.13,2,3,4
851.32,6,1,2
851.52,2,1,5
851.71,15,6,1
851.9,6,0,1
852.09,8,1,0
852.29,10,0,2
852.48,5,0,0
852.67,4,0,3
852.87,3,1,1
853.06,6,5,4
853.25,9,1,8
853.45,11,0,0
853.64,9,3,1
853.84,12,0,0
854.03,9,0,0
854.22,10,0,3
854.42,7,0,0
854.61,0,0,0
854.81,6,0,2
855,4,1,0
855.19,7,0,0
855.39,8,0,0
855.58,6,0,0
855.78,8,0,0
855.97,4,3,3
856.17,2,2,0
856.36,12,5,3
856.56,8,3,0
856.75,1,2,2
856.95,6,0,0
857.14,9,4,5
857.34,16,0,3
857.53,15,3,6
857.73,42,11,7
857.92,152,74,72
858.12,284,160,153
858.31,235,126,128
858.51,115,66,73
858.71,69,43,43
858.9,46,30,32
859.1,32,25,13
859.29,18,17,12
859.49,23,7,9
859.69,17,4,6
859.88,10,6,4
860.08,11,2,0
860.28,37,20,24
860.47,180,81,85
860.67,364,186,203
860.87,322,172,192
861.06,168,96,98
861.26,86,52,54
861.46,60,39,41
861.65,43,21,29
861.85,26,19,13
862.05,20,17,14
862.25,24,16,11
862.44,10,0,3
862.64,7,0,6
862.84,6,2,0
863.04,5,0,0
863.23,8,0,5
863.43,7,3,4
863.63,6,3,1
863.83,9,0,0
864.02,13,3,2
864.22,2,0,2
864.42,5,0,0
864.62,0,2,0
864.82,7,0,2
865.02,7,0,0
865.22,5,0,0
865.41,8,0,0
865.61,6,7,0
865.81,9,0,4
866.01,10,1,1
866.21,5,4,0
866.41,6,3,4
866.61,3,0,2
866.81,8,4,3
867.01,8,0,0
867.21,0,1,1
867.4,1,0,0
867.6,12,0,0
867.8,5,0,0
868,11,4,0
868.2,1,1,0
868.4,2,0,0
868.6,6,0,0
868.8,8,1,1
869,6,0,0
869.2,4,0,0
869.4,5,0,0
869.6,7,0,0
869.81,5,0,0
870.01,4,0,0
870.21,4,0,0
870.41,4,0,0
870.61,6,5,0
870.81,6,2,1
871.01,5,1,2
871.21,7,0,1
871.41,7,0,0
871.61,10,0,0
871.81,1,4,0
872.02,8,3,1
872.22,2,0,1
872.42,4,0,2
872.62,5,0,0
872.82,6,0,1
873.02,7,2,0
873.23,4,0,0
873.43,12,0,0
873.63,2,0,2
873.83,8,0,2
874.03,11,7,0
874.24,3,0,0
874.44,8,0,0
874.64,7,0,0
874.84,12,2,0
875.05,6,1,1
875.25,9,0,0
875.45,10,4,1
875.66,12,3,6
875.86,12,6,4
876.06,44,20,19
876.26,102,61,54
876.47,97,54,55
876.67,55,26,27
876.87,34,15,15
877.08,23,9,10
877.28,21,8,4
877.49,15,14,7
877.69,6,1,8
877.89,7,1,7
878.1,10,0,0
878.3,6,0,0
878.5,9,0,0
878.71,10,2,5
878.91,7,4,4
879.12,9,2,0
879.32,9,2,4
879.53,7,3,6
879.73,7,2,0
879.94,9,2,1
880.14,13,5,5
880.34,6,1,0
880.55,13,1,3
880.75,4,0,8
880.96,4,10,3
881.16,7,1,3
881.37,9,0,1
881.58,5,0,2
881.78,4,0,0
881.99,9,0,0
882.19,9,0,0
882.4,12,0,0
882.6,5,0,3
882.81,7,0,0
883.01,1,0,2
883.22,7,0,0
883.43,6,0,0
883.63,1,0,0
883.84,8,4,3
884.05,5,0,0
884.25,11,0,1
884.46,3,1,0
884.66,5,4,0
884.87,1,0,2
885.08,6,0,2
885.28,9,0,4
885.49,1,0,0
885.7,2,0,3
885.91,9,0,0
886.11,8,0,0
886.32,15,17,15
886.53,9,0,0
886.73,4,0,0
886.94,6,0,0
887.15,7,0,2
887.36,6,0,0
887.56,11,1,1
887.77,6,3,0
887.98,10,0,0
888.19,13,0,0
888.4,3,2,0
888.6,4,0,2
888.81,1,3,0
889.02,4,0,0
889.23,1,6,4
889.44,8,0,0
889.65,2,0,1
889.85,9,0,0
890.06,8,3,0
890.27,4,4,1
890.48,0,5,0
890.69,6,2,3
890.9,9,3,3
891.11,8,0,0
891.32,6,2,0
891.53,4,0,0
891.74,4,6,0
891.95,4,0,1
892.16,7,3,2
892.36,8,0,0
892.57,4,0,3
892.78,8,5,5
892.99,3,3,0
893.2,9,1,0
893.41,4,1,0
893.62,9,3,0
893.83,2,0,0
894.04,1,5,1
894.26,9,4,0
894.47,2,2,0
894.68,6,0,0
894.89,6,0,0
895.1,0,1,2
895.31,12,9,4
895.52,2,6,0
895.73,4,1,2
895.94,12,0,0
896.15,7,8,0
896.36,6,0,1
896.57,2,0,0
896.79,2,0,0
897,2,4,0
897.21,10,0,2
897.42,2,0,0
897.63,6,3,1
897.84,7,0,0
898.06,9,0,0
898.27,9,0,1
898.48,6,0,4
898.69,4,0,0
898.9,3,0,0
899.12,6,0,1
899.33,5,0,1
899.54,2,2,4
899.75,6,5,0
899.97,11,4,0
900.18,4,0,0
900.39,12,0,0
900.6,6,0,0
900.82,0,0,0
901.03,8,1,0
901.24,18,1,1
901.46,16,4,7
901.67,21,14,11
901.88,20,10,2
902.1,15,8,8
902.31,8,0,0
902.52,8,0,0
902.74,12,0,5
902.95,7,2,2
903.16,10,1,2
903.38,8,0,0
903.59,3,6,0
903.81,3,2,0
904.02,5,2,2
904.24,0,0,0
904.45,4,0,0
904.66,4,1,0
904.88,4,0,4
905.09,6,4,0
905.31,17,5,9
905.52,10,0,0
905.74,10,0,4
905.95,6,0,0
906.17,6,0,0
906.38,11,4,2
906.6,4,4,0
906.81,0,1,0
907.03,2,1,0
907.24,8,0,0
907.46,10,0,1
907.67,6,1,0
907.89,2,4,0
908.11,7,0,0
908.32,1,0,0
908.54,2,0,0
908.75,10,6,4
908.97,9,0,0
909.19,8,0,0
909.4,12,4,4
909.62,10,0,0
909.84,5,2,0
910.05,10,0,0
910.27,16,8,12
910.48,30,15,11
910.7,21,22,14
910.92,14,13,1
911.14,14,7,7
911.35,13,0,5
911.57,15,7,7
911.79,10,6,5
912,12,0,5
912.22,14,3,7
912.44,12,2,3
912.66,7,1,5
912.87,11,0,4
913.09,9,0,0
913.31,1,6,0
913.53,7,3,1
913.74,7,0,0
913.96,5,0,1
914.18,9,0,0
914.4,9,0,1
914.62,10,0,1
914.84,5,0,0
915.05,8,2,0
915.27,4,0,0
915.49,7,0,0
915.71,5,5,1
915.93,8,0,0
916.15,4,4,0
916.37,9,3,0
916.58,5,0,0
916.8,0,2,0
917.02,4,4,0
917.24,5,0,0
917.46,5,0,0
917.68,8,4,4
917.9,8,2,2
918.12,5,0,0
918.34,4,4,0
918.56,8,0,0
918.78,5,0,0
919,8,0,0
919.22,7,0,0
919.44,2,0,0
919.66,6,0,0
919.88,8,0,0
920.1,4,0,0
920.32,4,2,0
920.54,8,0,0
920.76,6,4,5
920.98,6,0,0
921.2,6,0,4
921.42,6,0,0
921.64,6,0,0
921.87,11,6,3
922.09,5,2,0
922.31,4,5,0
922.53,2,0,0
922.75,2,0,5
922.97,2,0,1
923.19,3,0,0
923.41,3,0,0
923.64,7,2,0
923.86,6,0,2
924.08,0,0,1
924.3,6,1,2
924.52,9,1,4
924.75,4,0,1
924.97,3,1,3
925.19,7,0,0
925.41,4,0,0
925.63,6,4,8
925.86,8,4,2
926.08,4,0,0
926.3,4,1,2
926.53,5,0,0
926.75,4,0,0
926.97,8,0,0
927.19,6,0,3
927.42,4,0,0
927.64,0,3,0
927.86,2,1,0
928.09,7,1,0
928.31,8,0,0
928.53,1,0,1
928.76,3,0,0
928.98,3,0,0
929.2,7,0,0
929.43,6,1,2
929.65,8,0,1
929.88,2,1,0
930.1,8,0,1
930.32,7,6,0
930.55,3,0,1
930.77,5,0,0
931,7,0,2
931.22,1,1,0
931.45,6,0,0
931.67,7,0,0
931.9,5,0,0
932.12,8,0,2
932.34,7,5,0
932.57,7,0,0
932.79,8,0,0
933.02,13,2,0
933.25,5,0,0
933.47,13,0,0
933.7,9,5,0
933.92,4,0,0
934.15,5,4,0
934.37,0,0,2
934.6,2,0,1
934.82,2,0,0
935.05,1,0,0
935.28,6,6,1
935.5,2,0,0
935.73,4,2,4
935.95,7,0,0
936.18,1,0,0
936.41,6,0,0
936.63,3,4,0
936.86,5,2,4
937.09,4,1,2
937.31,11,5,1
937.54,4,0,0
937.77,7,0,0
937.99,6,0,0
938.22,10,6,0
938.45,2,5,0
938.68,0,0,0
938.9,3,0,4
939.13,4,1,0
939.36,2,0,0
939.58,1,0,0
939.81,9,0,0
940.04,5,6,2
940.27,0,0,0
940.5,4,0,0
940.72,8,7,0
940.95,2,1,2
941.18,4,1,0
941.41,7,0,0
941.64,6,4,0
941.86,2,0,0
942.09,5,5,2
942.32,3,0,0
942.55,6,0,0
942.78,13,0,2
943.01,6,0,0
943.24,7,0,0
943.47,7,1,0
943.69,5,2,0
943.92,7,0,0
944.15,2,0,3
944.38,12,0,0
944.61,7,3,1
944.84,6,0,1
945.07,7,0,2
945.3,4,0,0
945.53,2,0,0
945.76,6,0,0
945.99,2,0,0
946.22,6,0,0
946.45,7,0,0
946.68,4,0,0
946.91,5,0,0
947.14,10,0,0
947.37,12,0,2
947.6,5,4,0
947.83,10,1,0
948.06,6,2,0
948.29,1,0,0
948.52,1,0,0
948.75,5,0,6
948.98,1,0,2
949.22,8,3,1
949.45,3,0,0
949.68,6,0,1
949.91,11,3,3
950.14,12,0,0
950.37,3,0,0
950.6,0,0,2
950.84,8,0,1
951.07,5,0,0
951.3,3,0,4
951.53,3,0,2
951.76,4,4,0
951.99,8,2,1
952.23,0,0,0
952.46,0,2,0
952.69,3,0,0
952.92,6,0,0
953.16,4,8,0
953.39,5,2,3
953.62,11,2,5
953.85,8,4,3
954.09,7,0,1
954.32,5,1,0
954.55,4,3,0
954.79,2,0,0
955.02,5,0,1
955.25,3,2,0
955.48,4,6,2
955.72,2,0,1
955.95,2,0,1
956.18,6,0,0
956.42,13,0,2
956.65,6,0,2
956.89,1,0,2
957.12,6,0,0
957.35,10,0,0
957.59,11,0,0
957.82,5,0,0
958.06,2,0,0
958.29,3,0,2
958.52,12,0,0
958.76,3,4,0
958.99,5,0,7
959.23,7,0,0
959.46,9,6,0
959.7,8,0,0
959.93,6,0,0
960.17,3,0,6
960.4,5,0,0
960.64,8,0,1
960.87,9,0,0
961.11,0,0,0
961.34,7,0,0
961.58,6,0,0
961.81,8,3,0
962.05,9,1,2
962.29,5,5,0
962.52,3,1,0
962.76,8,0,2
962.99,10,5,2
963.23,6,0,0
963.46,7,0,0
963.7,3,0,0
963.94,8,4,0
964.17,7,0,3
964.41,9,3,0
964.65,8,2,0
964.88,5,2,2
965.12,8,5,0
965.36,8,1,0
965.59,5,8,1
965.83,7,0,3
966.07,10,0,0
966.3,9,0,0
966.54,4,0,2
966.78,6,0,0
967.02,6,5,0
967.25,3,0,0
967.49,3,0,4
967.73,2,0,2
967.97,9,2,0
968.2,0,0,0
968.44,3,0,5
968.68,3,0,0
968.92,7,0,0
969.16,4,0,0
969.39,0,0,2
969.63,0,1,4
969.87,7,0,0
970.11,6,0,0
970.35,1,0,6
970.59,8,1,2
970.82,4,0,0
971.06,6,2,0
971.3,11,6,0
971.54,7,0,0
971.78,6,0,7
972.02,1,0,0
972.26,0,0,2
972.5,4,0,0
972.74,6,0,0
972.98,4,0,2
973.22,5,0,1
973.45,8,4,0
973.69,0,0,4
973.93,2,2,0
974.17,8,0,0
974.41,8,0,0
974.65,6,0,0
974.89,6,0,0
975.13,4,6,2
975.37,4,0,0
975.61,6,0,2
975.85,10,2,0
976.1,5,0,0
976.34,4,0,2
976.58,2,1,0
976.82,7,0,0
977.06,5,3,3
977.3,1,0,3
977.54,6,0,4
977.78,7,0,0
978.02,5,0,0
978.26,5,2,0
978.5,11,1,0
978.75,6,0,0
978.99,3,1,0
979.23,6,0,3
979.47,10,0,0
979.71,7,3,0
979.95,6,2,0
980.2,8,3,0
980.44,6,0,0
980.68,1,2,2
980.92,0,0,0
981.16,5,0,2
981.41,6,1,6
981.65,7,0,0
981.89,3,0,0
982.13,6,4,6
982.38,6,0,0
982.62,6,0,0
982.86,6,0,0
983.11,2,1,0
983.35,5,4,0
983.59,5,0,3
983.83,6,2,2
984.08,4,0,0
984.32,5,0,0
984.56,6,4,2
984.81,6,0,0
985.05,10,0,0
985.29,9,0,1
985.54,2,1,0
985.78,11,0,0
986.03,5,0,0
986.27,6,0,0
986.51,0,0,0
986.76,3,3,0
987,6,0,3
987.25,10,2,0
987.49,3,3,0